listing_id,bike_type,e_bike,brand,frame_material,new_price_chf,age_years,condition,condition_grade,weight_kg,ebike_km,photos,price_chf,vat_chf,price_vs_market_pct,sold_30d
VM-20001,City,0,Villiger,Aluminium,810,1,Wie neu,4,16.8,,8,760.0,56.95,1.0,0
VM-20002,Rennrad,0,BMC,Aluminium,3000,6,Sehr gut,3,9.8,,3,1610.0,120.64,5.0,1
VM-20003,Gravel,0,Canyon,Aluminium,1310,7,Gut,2,10.1,,9,650.0,48.7,14.0,0
VM-20004,City,0,Tour de Suisse,Aluminium,620,2,Sehr gut,3,14.2,,10,610.0,45.71,26.0,0
VM-20005,Mountainbike,0,Scott,Aluminium,1870,1,Sehr gut,3,12.3,,7,1370.0,102.65,-9.0,1
VM-20006,Mountainbike,0,Cube,Carbon,4670,8,Sehr gut,3,11.5,,3,1680.0,125.88,2.0,0
VM-20007,City,0,Tour de Suisse,Stahl,580,7,Sehr gut,3,14.0,,8,270.0,20.23,-14.0,1
VM-20008,Gravel,0,Specialized,Carbon,2700,6,Sehr gut,3,7.6,,8,1220.0,91.42,-17.0,1
VM-20009,City,0,Tour de Suisse,Aluminium,920,0,Gut,2,15.2,,5,790.0,59.2,10.0,0
VM-20010,E-Bike,1,Trek,Aluminium,3280,3,Gut,2,21.4,8179,7,1440.0,107.9,2.0,1
VM-20011,Mountainbike,0,Canyon,Carbon,4500,1,Sehr gut,3,10.4,,2,3800.0,284.74,5.0,0
VM-20012,Gravel,0,BMC,Aluminium,1490,4,Gut,2,9.6,,4,830.0,62.19,-0.0,0
VM-20013,Rennrad,0,Trek,Aluminium,1800,6,Gut,2,9.8,,8,920.0,68.94,15.0,0
VM-20014,City,0,Villiger,Stahl,820,9,Sehr gut,3,14.4,,4,320.0,23.98,-17.0,1
VM-20015,Gravel,0,Specialized,Aluminium,1540,7,Gut,2,10.4,,6,670.0,50.2,-0.0,1
VM-20016,City,0,Villiger,Aluminium,550,5,Gut,2,14.2,,2,310.0,23.23,4.0,0
VM-20017,City,0,Cube,Aluminium,600,3,Sehr gut,3,16.3,,10,420.0,31.47,-3.0,1
VM-20018,Gravel,0,BMC,Carbon,3670,5,Wie neu,4,8.5,,5,2170.0,162.6,-10.0,1
VM-20019,Mountainbike,0,Scott,Aluminium,1730,0,Sehr gut,3,13.3,,2,1580.0,118.39,1.0,0
VM-20020,Gravel,0,Canyon,Aluminium,1400,6,Sehr gut,3,9.2,,2,780.0,58.45,2.0,0
VM-20021,E-Bike,1,Flyer,Aluminium,3270,5,Gut,2,21.3,3587,10,980.0,73.43,-10.0,1
VM-20022,Mountainbike,0,Cube,Carbon,2490,2,Akzeptabel,1,14.0,,10,1070.0,80.18,-12.0,1
VM-20023,E-Bike,1,Cube,Aluminium,5970,9,Sehr gut,3,27.2,28693,4,780.0,58.45,-4.0,1
VM-20024,Rennrad,0,Scott,Carbon,4740,2,Gut,2,8.6,,2,3700.0,277.24,21.0,0
VM-20025,Rennrad,0,BMC,Aluminium,3780,3,Sehr gut,3,8.0,,6,2450.0,183.58,-4.0,1
VM-20026,Rennrad,0,Scott,Aluminium,1530,6,Gut,2,7.8,,7,670.0,50.2,-1.0,1
VM-20027,City,0,Trek,Aluminium,620,7,Gut,2,16.9,,4,280.0,20.98,-4.0,1
VM-20028,Gravel,0,Specialized,Aluminium,3090,9,Akzeptabel,1,9.2,,7,930.0,69.69,3.0,1
VM-20029,Rennrad,0,BMC,Aluminium,1860,5,Wie neu,4,9.9,,5,1120.0,83.92,-4.0,1
VM-20030,E-Bike,1,Trek,Aluminium,2550,8,Sehr gut,3,21.8,958,9,550.0,41.21,-11.0,1
VM-20031,City,0,Villiger,Aluminium,790,6,Wie neu,4,15.7,,3,430.0,32.22,-16.0,1
VM-20032,Mountainbike,0,Specialized,Aluminium,3930,1,Sehr gut,3,11.9,,9,3270.0,245.02,4.0,0
VM-20033,Mountainbike,0,Scott,Aluminium,1200,3,Gut,2,12.2,,1,570.0,42.71,-14.0,1
VM-20034,Rennrad,0,Scott,Carbon,1960,6,Gut,2,7.8,,6,900.0,67.44,4.0,0
VM-20035,E-Bike,1,Flyer,Aluminium,6730,2,Gut,2,21.3,14012,1,3290.0,246.52,4.0,0
VM-20036,Mountainbike,0,Cube,Carbon,2530,1,Wie neu,4,13.6,,9,1860.0,139.37,-17.0,1
VM-20037,E-Bike,1,Flyer,Aluminium,7810,7,Sehr gut,3,26.6,7639,6,1990.0,149.11,-3.0,1
VM-20038,E-Bike,1,Specialized,Aluminium,4280,6,Gut,2,23.7,6278,3,1210.0,90.67,4.0,0
VM-20039,Mountainbike,0,Canyon,Aluminium,1860,6,Gut,2,13.0,,10,830.0,62.19,15.0,0
VM-20040,Gravel,0,Cube,Aluminium,1920,6,Sehr gut,3,10.6,,7,1010.0,75.68,-4.0,0
VM-20041,Mountainbike,0,Canyon,Carbon,3850,8,Gut,2,13.1,,1,1340.0,100.41,13.0,0
VM-20042,City,0,Tour de Suisse,Aluminium,550,10,Sehr gut,3,14.5,,8,280.0,20.98,17.0,0
VM-20043,E-Bike,1,Cube,Aluminium,7510,5,Akzeptabel,1,22.8,9252,5,1960.0,146.86,7.0,0
VM-20044,Gravel,0,Cube,Aluminium,3570,5,Wie neu,4,9.7,,2,2510.0,188.08,7.0,0
VM-20045,Rennrad,0,Scott,Carbon,4130,6,Gut,2,8.2,,8,1880.0,140.87,3.0,0
VM-20046,Mountainbike,0,Canyon,Aluminium,1850,2,Wie neu,4,12.1,,4,1300.0,97.41,-11.0,1
VM-20047,City,0,Cube,Aluminium,920,4,Gut,2,17.1,,8,620.0,46.46,15.0,0
VM-20048,E-Bike,1,Stromer,Aluminium,2870,6,Gut,2,27.0,24041,5,610.0,45.71,2.0,1
VM-20049,E-Bike,1,Flyer,Aluminium,3520,4,Gut,2,24.2,9024,10,1090.0,81.67,-15.0,1
VM-20050,E-Bike,1,Specialized,Aluminium,3480,1,Wie neu,4,26.9,1519,9,3160.0,236.78,9.0,0
VM-20051,Rennrad,0,Scott,Aluminium,2170,2,Wie neu,4,9.4,,1,1900.0,142.37,6.0,0
VM-20052,Rennrad,0,Canyon,Aluminium,1620,2,Wie neu,4,9.5,,9,1250.0,93.66,-7.0,1
VM-20053,E-Bike,1,Cube,Aluminium,6140,8,Akzeptabel,1,25.9,5574,8,960.0,71.93,-1.0,1
VM-20054,City,0,Villiger,Stahl,1270,2,Gut,2,16.9,,10,940.0,70.43,10.0,0
VM-20055,City,0,Tour de Suisse,Aluminium,530,9,Sehr gut,3,14.2,,1,270.0,20.23,9.0,0
VM-20056,Rennrad,0,Trek,Carbon,6790,6,Sehr gut,3,8.3,,10,3610.0,270.5,4.0,1
VM-20057,Mountainbike,0,Canyon,Aluminium,2820,10,Gut,2,14.1,,5,680.0,50.95,-1.0,1
VM-20058,Gravel,0,Canyon,Aluminium,1420,3,Gut,2,9.2,,7,890.0,66.69,3.0,1
VM-20059,Mountainbike,0,Scott,Carbon,2020,3,Akzeptabel,1,12.7,,5,850.0,63.69,-4.0,0
VM-20060,Mountainbike,0,Trek,Aluminium,2790,6,Sehr gut,3,14.3,,8,1340.0,100.41,7.0,0
VM-20061,Gravel,0,Specialized,Aluminium,2220,5,Sehr gut,3,9.4,,10,1330.0,99.66,1.0,1
VM-20062,Gravel,0,Specialized,Aluminium,2520,8,Sehr gut,3,9.3,,1,1250.0,93.66,7.0,0
VM-20063,E-Bike,1,Cube,Aluminium,2670,3,Gut,2,23.0,9569,9,1090.0,81.67,-4.0,0
VM-20064,E-Bike,1,Specialized,Aluminium,3850,6,Akzeptabel,1,22.1,36470,7,480.0,35.97,-5.0,1
VM-20065,City,0,Villiger,Aluminium,770,2,Sehr gut,3,14.0,,2,650.0,48.7,8.0,0
VM-20066,E-Bike,1,Flyer,Aluminium,7900,8,Wie neu,4,24.9,9305,1,1820.0,136.37,-5.0,0
VM-20067,City,0,Villiger,Aluminium,810,2,Wie neu,4,14.6,,3,740.0,55.45,6.0,1
VM-20068,Mountainbike,0,Cube,Aluminium,2370,1,Gut,2,13.5,,7,1500.0,112.4,-9.0,1
VM-20069,City,0,Trek,Aluminium,1040,3,Sehr gut,3,14.2,,9,810.0,60.69,8.0,0
VM-20070,Gravel,0,Canyon,Aluminium,3590,9,Sehr gut,3,9.8,,4,1360.0,101.91,-11.0,1
VM-20071,Gravel,0,Specialized,Carbon,2560,9,Sehr gut,3,8.3,,4,1000.0,74.93,-8.0,1
VM-20072,Rennrad,0,BMC,Aluminium,1560,3,Sehr gut,3,8.6,,3,1050.0,78.68,-1.0,0
VM-20073,City,0,Villiger,Aluminium,1000,4,Sehr gut,3,16.5,,8,700.0,52.45,4.0,0
VM-20074,E-Bike,1,Cube,Aluminium,6210,1,Sehr gut,3,27.1,899,10,4820.0,361.17,3.0,1
VM-20075,E-Bike,1,Trek,Aluminium,3500,7,Gut,2,26.1,1823,5,820.0,61.44,-4.0,1
VM-20076,E-Bike,1,Flyer,Aluminium,4290,4,Sehr gut,3,27.8,14477,10,1550.0,116.14,-7.0,1
VM-20077,E-Bike,1,Stromer,Aluminium,2610,0,Akzeptabel,1,23.6,1790,9,1660.0,124.38,5.0,0
VM-20078,City,0,Trek,Stahl,1210,6,Wie neu,4,14.9,,6,790.0,59.2,1.0,0
VM-20079,City,0,Villiger,Aluminium,520,6,Gut,2,17.6,,4,200.0,14.99,-24.0,1
VM-20080,E-Bike,1,Specialized,Aluminium,3540,4,Gut,2,25.1,5303,4,1440.0,107.9,7.0,0
VM-20081,City,0,Cube,Aluminium,1210,4,Gut,2,15.2,,10,760.0,56.95,8.0,0
VM-20082,City,0,Cube,Aluminium,960,5,Gut,2,17.7,,1,630.0,47.21,21.0,0
VM-20083,Mountainbike,0,Cube,Aluminium,930,3,Gut,2,14.0,,8,420.0,31.47,-18.0,1
VM-20084,Gravel,0,Cube,Aluminium,1800,3,Wie neu,4,9.1,,8,1320.0,98.91,-6.0,1
VM-20085,City,0,Cube,Stahl,1030,3,Gut,2,15.0,,6,840.0,62.94,30.0,0
VM-20086,E-Bike,1,Flyer,Aluminium,6220,4,Wie neu,4,24.1,3996,8,2930.0,219.55,-5.0,1
VM-20087,Rennrad,0,Specialized,Carbon,3570,10,Sehr gut,3,7.9,,1,1220.0,91.42,-2.0,1
VM-20088,E-Bike,1,Stromer,Aluminium,2820,2,Akzeptabel,1,21.3,1707,1,1400.0,104.9,13.0,0
VM-20089,Rennrad,0,Trek,Carbon,2710,2,Gut,2,8.0,,5,1710.0,128.13,-2.0,0
VM-20090,Rennrad,0,BMC,Aluminium,1780,5,Sehr gut,3,7.5,,5,840.0,62.94,-16.0,1
VM-20091,E-Bike,1,Specialized,Aluminium,6650,3,Gut,2,22.8,1154,4,3690.0,276.49,17.0,0
VM-20092,E-Bike,1,Stromer,Aluminium,2650,7,Gut,2,24.2,14385,1,570.0,42.71,4.0,0
VM-20093,Rennrad,0,Canyon,Aluminium,1570,2,Sehr gut,3,9.1,,9,1050.0,78.68,-10.0,1
VM-20094,Rennrad,0,Trek,Carbon,5580,7,Wie neu,4,6.7,,10,2890.0,216.55,0.0,1
VM-20095,Gravel,0,Specialized,Aluminium,2840,8,Gut,2,9.4,,7,1220.0,91.42,7.0,1
VM-20096,Mountainbike,0,Canyon,Aluminium,2040,0,Gut,2,11.8,,2,1610.0,120.64,1.0,0
VM-20097,City,0,Trek,Aluminium,1090,9,Sehr gut,3,15.3,,2,510.0,38.21,-0.0,1
VM-20098,City,0,Villiger,Aluminium,600,0,Akzeptabel,1,18.0,,6,450.0,33.72,21.0,0
VM-20099,Rennrad,0,BMC,Carbon,5980,6,Gut,2,7.6,,6,2440.0,182.83,-8.0,1
VM-20100,Mountainbike,0,Cube,Aluminium,3340,5,Gut,2,11.6,,3,1630.0,122.14,12.0,0
VM-20101,City,0,Villiger,Aluminium,920,7,Sehr gut,3,16.7,,10,490.0,36.72,-2.0,1
VM-20102,Mountainbike,0,Canyon,Carbon,2490,5,Gut,2,13.5,,9,1010.0,75.68,-7.0,1
VM-20103,Mountainbike,0,Trek,Carbon,3470,2,Gut,2,14.1,,5,1890.0,141.62,-12.0,1
VM-20104,City,0,Trek,Aluminium,1310,7,Sehr gut,3,16.1,,6,740.0,55.45,4.0,1
VM-20105,Rennrad,0,BMC,Carbon,6040,1,Gut,2,8.3,,1,5250.0,393.39,22.0,0
VM-20106,E-Bike,1,Flyer,Aluminium,3880,9,Gut,2,26.0,15727,5,620.0,46.46,9.0,0
VM-20107,City,0,Tour de Suisse,Aluminium,1400,4,Gut,2,14.8,,2,820.0,61.44,0.0,0
VM-20108,City,0,Tour de Suisse,Aluminium,730,1,Sehr gut,3,15.0,,3,620.0,46.46,1.0,1
VM-20109,Mountainbike,0,Specialized,Aluminium,1300,3,Akzeptabel,1,13.4,,10,510.0,38.21,-10.0,1
VM-20110,City,0,Trek,Stahl,860,3,Sehr gut,3,15.0,,10,620.0,46.46,-0.0,1
VM-20111,E-Bike,1,Trek,Aluminium,7840,1,Gut,2,27.7,6153,9,3660.0,274.25,-24.0,1
VM-20112,City,0,Villiger,Stahl,910,2,Wie neu,4,15.0,,8,730.0,54.7,-7.0,1
VM-20113,Mountainbike,0,Scott,Aluminium,1880,7,Gut,2,14.5,,2,610.0,45.71,-6.0,0
VM-20114,E-Bike,1,Trek,Aluminium,2810,8,Gut,2,22.9,14518,8,460.0,34.47,-7.0,1
VM-20115,E-Bike,1,Stromer,Aluminium,6910,5,Gut,2,23.4,998,9,2150.0,161.1,-9.0,1
VM-20116,City,0,Tour de Suisse,Aluminium,880,5,Gut,2,16.1,,2,480.0,35.97,1.0,0
VM-20117,E-Bike,1,Flyer,Aluminium,4380,2,Sehr gut,3,27.7,1330,2,3110.0,233.03,11.0,0
VM-20118,E-Bike,1,Stromer,Aluminium,3630,4,Gut,2,25.3,4618,9,1010.0,75.68,-28.0,1
VM-20119,City,0,Cube,Stahl,840,3,Akzeptabel,1,17.7,,8,490.0,36.72,17.0,0
VM-20120,City,0,Trek,Aluminium,1140,9,Gut,2,14.8,,1,460.0,34.47,-1.0,0
VM-20121,E-Bike,1,Stromer,Aluminium,3470,4,Gut,2,21.4,4912,10,1360.0,101.91,2.0,1
VM-20122,Mountainbike,0,Scott,Carbon,3780,5,Sehr gut,3,12.9,,4,2000.0,149.86,5.0,0
VM-20123,Rennrad,0,Canyon,Aluminium,4260,4,Wie neu,4,7.6,,7,2830.0,212.05,-3.0,1
VM-20124,Mountainbike,0,Scott,Carbon,5860,4,Sehr gut,3,13.3,,6,3600.0,269.75,9.0,0
VM-20125,E-Bike,1,Flyer,Aluminium,4070,3,Gut,2,25.5,7878,7,1830.0,137.12,4.0,0
VM-20126,City,0,Trek,Stahl,1040,2,Sehr gut,3,15.3,,3,670.0,50.2,-17.0,1
VM-20127,City,0,Villiger,Stahl,580,3,Sehr gut,3,14.6,,3,430.0,32.22,2.0,1
VM-20128,Gravel,0,BMC,Aluminium,3270,3,Sehr gut,3,10.0,,10,2570.0,192.57,12.0,0
VM-20129,Mountainbike,0,Specialized,Carbon,3490,9,Sehr gut,3,11.9,,10,1030.0,77.18,-6.0,1
VM-20130,E-Bike,1,Trek,Aluminium,3640,4,Sehr gut,3,24.8,3195,10,1550.0,116.14,-6.0,1
VM-20131,E-Bike,1,Specialized,Aluminium,7800,7,Sehr gut,3,26.2,41966,7,1310.0,98.16,17.0,0
VM-20132,Mountainbike,0,Scott,Aluminium,1500,2,Sehr gut,3,13.1,,2,1210.0,90.67,13.0,0
VM-20133,Rennrad,0,Specialized,Aluminium,2520,1,Sehr gut,3,9.6,,4,1830.0,137.12,-11.0,1
VM-20134,E-Bike,1,Trek,Aluminium,3130,4,Sehr gut,3,22.1,3767,2,1440.0,107.9,3.0,0
VM-20135,E-Bike,1,Cube,Aluminium,3420,6,Akzeptabel,1,27.2,1849,6,760.0,56.95,-3.0,1
VM-20136,Gravel,0,BMC,Aluminium,3190,10,Sehr gut,3,11.0,,8,1480.0,110.9,19.0,0
VM-20137,E-Bike,1,Specialized,Aluminium,3620,4,Akzeptabel,1,24.2,8996,9,1130.0,84.67,8.0,0
VM-20138,E-Bike,1,Cube,Aluminium,4060,7,Sehr gut,3,23.3,3351,9,1140.0,85.42,1.0,1
VM-20139,Rennrad,0,Scott,Aluminium,1900,1,Akzeptabel,1,7.7,,8,990.0,74.18,-8.0,0
VM-20140,Rennrad,0,BMC,Aluminium,4100,2,Wie neu,4,7.9,,6,3080.0,230.79,-9.0,1
VM-20141,E-Bike,1,Specialized,Aluminium,2780,7,Gut,2,23.8,9948,5,610.0,45.71,-0.0,1
VM-20142,Mountainbike,0,Specialized,Aluminium,1390,1,Akzeptabel,1,14.5,,2,740.0,55.45,-4.0,0
VM-20143,E-Bike,1,Trek,Aluminium,3970,1,Sehr gut,3,27.9,4383,10,2880.0,215.8,0.0,1
VM-20144,E-Bike,1,Flyer,Aluminium,3130,6,Gut,2,22.5,1937,9,820.0,61.44,-9.0,1
VM-20145,City,0,Tour de Suisse,Stahl,510,4,Gut,2,16.4,,8,270.0,20.23,-9.0,1
VM-20146,E-Bike,1,Trek,Aluminium,4800,3,Sehr gut,3,23.7,1431,1,2390.0,179.08,-8.0,1
VM-20147,Rennrad,0,Scott,Aluminium,2080,2,Wie neu,4,9.1,,5,2040.0,152.86,18.0,0
VM-20148,E-Bike,1,Cube,Aluminium,2680,5,Gut,2,22.5,3228,3,790.0,59.2,-11.0,0
VM-20149,Mountainbike,0,Scott,Aluminium,1270,3,Gut,2,14.9,,4,630.0,47.21,-10.0,1
VM-20150,Mountainbike,0,Specialized,Carbon,3010,9,Akzeptabel,1,13.9,,2,560.0,41.96,-14.0,1
VM-20151,City,0,Tour de Suisse,Aluminium,570,8,Sehr gut,3,17.0,,1,310.0,23.23,8.0,0
VM-20152,Mountainbike,0,Trek,Aluminium,1710,8,Gut,2,13.8,,5,460.0,34.47,-12.0,1
VM-20153,Gravel,0,Specialized,Carbon,4800,5,Gut,2,8.3,,2,2630.0,197.07,7.0,0
VM-20154,Rennrad,0,Trek,Carbon,5700,4,Gut,2,7.2,,10,3070.0,230.04,1.0,1
VM-20155,E-Bike,1,Flyer,Aluminium,3940,4,Sehr gut,3,23.3,3089,4,1650.0,123.64,-7.0,1
VM-20156,Mountainbike,0,Canyon,Carbon,1900,7,Gut,2,11.0,,6,720.0,53.95,10.0,0
VM-20157,City,0,Villiger,Aluminium,660,5,Sehr gut,3,17.7,,10,490.0,36.72,19.0,0
VM-20158,Mountainbike,0,Specialized,Carbon,5590,0,Sehr gut,3,10.3,,1,5240.0,392.64,4.0,0
VM-20159,City,0,Trek,Aluminium,1280,0,Sehr gut,3,15.9,,9,1000.0,74.93,-13.0,1
VM-20160,Mountainbike,0,Trek,Carbon,2750,7,Sehr gut,3,10.9,,10,1130.0,84.67,3.0,1
VM-20161,E-Bike,1,Flyer,Aluminium,6760,5,Wie neu,4,22.3,722,6,3230.0,242.03,9.0,0
VM-20162,E-Bike,1,Stromer,Aluminium,5070,3,Gut,2,24.0,1680,3,2210.0,165.6,-7.0,0
VM-20163,Mountainbike,0,Canyon,Carbon,5070,4,Sehr gut,3,12.4,,7,2630.0,197.07,-8.0,1
VM-20164,Mountainbike,0,Scott,Carbon,3060,5,Gut,2,12.1,,2,1310.0,98.16,-2.0,0
VM-20165,Mountainbike,0,Scott,Aluminium,1090,8,Wie neu,4,13.1,,7,450.0,33.72,5.0,1
VM-20166,E-Bike,1,Specialized,Aluminium,5230,4,Akzeptabel,1,24.0,3977,1,2080.0,155.86,29.0,0
VM-20167,City,0,Cube,Aluminium,700,9,Wie neu,4,14.2,,9,380.0,28.47,4.0,1
VM-20168,Rennrad,0,Specialized,Aluminium,3420,4,Gut,2,8.9,,10,2020.0,151.36,10.0,0
VM-20169,Mountainbike,0,Scott,Aluminium,1310,1,Wie neu,4,15.4,,9,1300.0,97.41,12.0,0
VM-20170,E-Bike,1,Flyer,Aluminium,6660,1,Sehr gut,3,27.6,3988,10,5010.0,375.4,3.0,1
VM-20171,City,0,Villiger,Aluminium,850,3,Gut,2,15.5,,1,610.0,45.71,14.0,0
VM-20172,City,0,Tour de Suisse,Aluminium,820,0,Gut,2,16.4,,10,520.0,38.96,-19.0,1
VM-20173,Mountainbike,0,Cube,Aluminium,2500,2,Akzeptabel,1,15.4,,1,1200.0,89.92,-2.0,0
VM-20174,Rennrad,0,Scott,Aluminium,3600,6,Gut,2,8.8,,7,1520.0,113.89,-5.0,1
VM-20175,E-Bike,1,Flyer,Aluminium,7540,1,Gut,2,23.4,5296,8,4700.0,352.17,0.0,0
VM-20176,Gravel,0,Cube,Aluminium,1560,6,Gut,2,10.1,,8,820.0,61.44,11.0,0
VM-20177,Rennrad,0,Scott,Carbon,6350,5,Sehr gut,3,6.6,,5,3530.0,264.51,-1.0,0
VM-20178,E-Bike,1,Specialized,Aluminium,4400,4,Akzeptabel,1,24.3,1623,1,1370.0,102.65,-2.0,0
VM-20179,E-Bike,1,Trek,Aluminium,4310,4,Akzeptabel,1,27.3,8937,5,1190.0,89.17,-4.0,0
VM-20180,City,0,Villiger,Aluminium,1280,6,Sehr gut,3,15.4,,4,690.0,51.7,-7.0,1
VM-20181,Mountainbike,0,Trek,Carbon,4480,4,Gut,2,13.2,,2,1810.0,135.62,-17.0,1
VM-20182,Rennrad,0,Scott,Aluminium,3940,3,Akzeptabel,1,9.7,,2,1570.0,117.64,-15.0,1
VM-20183,Rennrad,0,Canyon,Aluminium,2350,7,Sehr gut,3,9.7,,4,1000.0,74.93,-9.0,1
VM-20184,Gravel,0,Specialized,Aluminium,1480,1,Sehr gut,3,9.3,,1,1090.0,81.67,-11.0,1
VM-20185,Gravel,0,Canyon,Aluminium,3660,4,Sehr gut,3,10.5,,4,2200.0,164.85,-7.0,1
VM-20186,Rennrad,0,Trek,Aluminium,3080,7,Gut,2,8.1,,2,1260.0,94.41,1.0,0
VM-20187,Mountainbike,0,Canyon,Aluminium,1640,7,Wie neu,4,12.4,,7,840.0,62.94,16.0,0
VM-20188,E-Bike,1,Specialized,Aluminium,7990,9,Wie neu,4,25.3,8471,1,1900.0,142.37,14.0,0
VM-20189,Gravel,0,BMC,Aluminium,2430,5,Wie neu,4,9.9,,3,2000.0,149.86,25.0,0
VM-20190,E-Bike,1,Trek,Aluminium,6700,9,Wie neu,4,28.0,21622,7,1140.0,85.42,-1.0,1
VM-20191,E-Bike,1,Specialized,Aluminium,3730,3,Gut,2,24.9,1055,5,1650.0,123.64,-6.0,1
VM-20192,E-Bike,1,Flyer,Aluminium,5520,2,Sehr gut,3,22.3,3416,7,3500.0,262.26,2.0,0
VM-20193,E-Bike,1,Specialized,Aluminium,3290,10,Gut,2,22.9,22099,8,370.0,27.72,-0.0,1
VM-20194,City,0,Trek,Aluminium,760,0,Sehr gut,3,14.9,,1,540.0,40.46,-21.0,1
VM-20195,Mountainbike,0,Trek,Aluminium,2510,4,Sehr gut,3,11.9,,2,1100.0,82.42,-22.0,1
VM-20196,Rennrad,0,Specialized,Aluminium,2820,6,Sehr gut,3,9.7,,5,1500.0,112.4,4.0,1
VM-20197,Mountainbike,0,Specialized,Carbon,5590,7,Akzeptabel,1,13.2,,3,1760.0,131.88,15.0,0
VM-20198,Rennrad,0,Canyon,Carbon,3060,9,Sehr gut,3,8.3,,3,1220.0,91.42,4.0,0
VM-20199,Mountainbike,0,Trek,Aluminium,1180,2,Wie neu,4,13.1,,1,970.0,72.68,4.0,0
VM-20200,Rennrad,0,Specialized,Aluminium,4020,9,Wie neu,4,8.0,,3,1330.0,99.66,-23.0,1
VM-20201,Rennrad,0,Specialized,Carbon,5710,7,Gut,2,7.8,,10,2370.0,177.59,3.0,1
VM-20202,City,0,Tour de Suisse,Aluminium,810,7,Sehr gut,3,16.1,,2,340.0,25.48,-22.0,1
VM-20203,Mountainbike,0,Canyon,Aluminium,2430,4,Sehr gut,3,13.8,,3,1300.0,97.41,-5.0,1
VM-20204,City,0,Trek,Aluminium,1050,8,Wie neu,4,14.8,,10,640.0,47.96,9.0,0
VM-20205,E-Bike,1,Stromer,Aluminium,3770,4,Wie neu,4,25.5,3403,3,1890.0,141.62,0.0,0
VM-20206,E-Bike,1,Flyer,Aluminium,3900,9,Gut,2,27.9,10007,7,690.0,51.7,11.0,0
VM-20207,E-Bike,1,Trek,Aluminium,2570,7,Sehr gut,3,22.5,22090,9,580.0,43.46,6.0,0
VM-20208,Rennrad,0,Trek,Aluminium,2760,7,Gut,2,7.6,,8,960.0,71.93,-14.0,1
VM-20209,E-Bike,1,Cube,Aluminium,3210,7,Gut,2,24.7,1619,8,700.0,52.45,-11.0,1
VM-20210,City,0,Cube,Aluminium,1130,4,Sehr gut,3,15.9,,9,850.0,63.69,12.0,0
VM-20211,E-Bike,1,Trek,Aluminium,3750,2,Wie neu,4,25.1,4221,2,2430.0,182.08,-6.0,1
VM-20212,Mountainbike,0,Scott,Aluminium,1080,10,Akzeptabel,1,11.8,,9,210.0,15.74,1.0,1
VM-20213,City,0,Tour de Suisse,Aluminium,1170,6,Sehr gut,3,17.5,,5,580.0,43.46,-15.0,1
VM-20214,Mountainbike,0,Canyon,Carbon,2270,3,Gut,2,13.5,,9,1470.0,110.15,18.0,0
VM-20215,Mountainbike,0,Scott,Aluminium,3490,7,Gut,2,11.8,,7,1330.0,99.66,10.0,0
VM-20216,E-Bike,1,Trek,Aluminium,3520,3,Sehr gut,3,25.0,14976,2,1420.0,106.4,-11.0,1
VM-20217,City,0,Trek,Aluminium,1050,4,Gut,2,14.3,,3,540.0,40.46,-12.0,0
VM-20218,Gravel,0,BMC,Carbon,3460,5,Sehr gut,3,9.4,,5,1780.0,133.38,-13.0,1
VM-20219,City,0,Tour de Suisse,Aluminium,1390,6,Sehr gut,3,16.1,,6,880.0,65.94,9.0,1
VM-20220,Gravel,0,Canyon,Carbon,4470,10,Sehr gut,3,8.5,,3,1810.0,135.62,4.0,0
VM-20221,Rennrad,0,Scott,Aluminium,1500,7,Akzeptabel,1,9.4,,2,460.0,34.47,-4.0,1
VM-20222,E-Bike,1,Flyer,Aluminium,3040,3,Sehr gut,3,25.4,3575,10,1300.0,97.41,-19.0,1
VM-20223,Gravel,0,BMC,Aluminium,3530,2,Gut,2,11.0,,3,2330.0,174.59,-0.0,0
VM-20224,City,0,Tour de Suisse,Aluminium,1490,6,Wie neu,4,16.1,,3,1050.0,78.68,9.0,0
VM-20225,Gravel,0,BMC,Carbon,3940,10,Wie neu,4,8.4,,8,1670.0,125.13,-2.0,1
VM-20226,Mountainbike,0,Canyon,Aluminium,1700,5,Sehr gut,3,13.7,,8,830.0,62.19,-3.0,1
VM-20227,Mountainbike,0,Specialized,Carbon,1730,8,Gut,2,11.1,,8,420.0,31.47,-21.0,1
VM-20228,Gravel,0,Specialized,Aluminium,1240,6,Gut,2,8.9,,1,630.0,47.21,7.0,0
VM-20229,City,0,Tour de Suisse,Aluminium,510,6,Gut,2,14.6,,1,230.0,17.23,-11.0,1
VM-20230,E-Bike,1,Trek,Aluminium,7060,2,Wie neu,4,21.1,2834,7,5420.0,406.12,10.0,0
VM-20231,City,0,Villiger,Aluminium,970,3,Sehr gut,3,16.0,,3,820.0,61.44,17.0,0
VM-20232,Rennrad,0,Canyon,Aluminium,2580,4,Sehr gut,3,7.5,,8,1420.0,106.4,-11.0,1
VM-20233,E-Bike,1,Cube,Aluminium,5720,4,Sehr gut,3,21.7,537,5,2500.0,187.33,-6.0,1
VM-20234,Mountainbike,0,Trek,Aluminium,1280,2,Wie neu,4,15.2,,10,1000.0,74.93,-1.0,1
VM-20235,E-Bike,1,Stromer,Aluminium,2540,10,Wie neu,4,26.3,6703,9,490.0,36.72,7.0,1
VM-20236,City,0,Villiger,Aluminium,980,2,Sehr gut,3,16.3,,8,680.0,50.95,-11.0,1
VM-20237,E-Bike,1,Flyer,Aluminium,4330,3,Wie neu,4,24.6,2004,3,2810.0,210.56,8.0,0
VM-20238,Gravel,0,Cube,Carbon,4610,8,Gut,2,7.8,,3,1620.0,121.39,-12.0,1
VM-20239,City,0,Villiger,Stahl,1380,10,Gut,2,16.8,,7,430.0,32.22,-17.0,1
VM-20240,Mountainbike,0,Canyon,Aluminium,1040,3,Gut,2,14.5,,6,530.0,39.71,-7.0,1
VM-20241,E-Bike,1,Flyer,Aluminium,4200,6,Akzeptabel,1,27.7,9628,2,840.0,62.94,-3.0,1
VM-20242,City,0,Tour de Suisse,Stahl,530,4,Gut,2,14.6,,3,300.0,22.48,-3.0,0
VM-20243,Rennrad,0,Trek,Carbon,3860,1,Akzeptabel,1,7.9,,5,2590.0,194.07,19.0,0
VM-20244,Mountainbike,0,Canyon,Carbon,4470,5,Akzeptabel,1,12.4,,4,1580.0,118.39,2.0,0
VM-20245,Mountainbike,0,Cube,Aluminium,1100,0,Sehr gut,3,15.3,,3,1000.0,74.93,1.0,0
VM-20246,E-Bike,1,Specialized,Aluminium,5220,10,Akzeptabel,1,27.5,7476,4,600.0,44.96,3.0,0
VM-20247,E-Bike,1,Stromer,Aluminium,2550,8,Gut,2,24.2,3309,2,560.0,41.96,8.0,0
VM-20248,Rennrad,0,Canyon,Carbon,6440,1,Gut,2,7.6,,6,4820.0,361.17,5.0,0
VM-20249,E-Bike,1,Flyer,Aluminium,3380,8,Gut,2,24.5,16301,6,590.0,44.21,2.0,1
VM-20250,E-Bike,1,Cube,Aluminium,3110,0,Gut,2,23.1,2529,7,2620.0,196.32,11.0,0
VM-20251,Mountainbike,0,Specialized,Aluminium,1820,4,Gut,2,14.4,,6,800.0,59.94,-10.0,1
VM-20252,Mountainbike,0,Canyon,Carbon,5330,5,Gut,2,10.5,,8,3180.0,238.28,37.0,0
VM-20253,Rennrad,0,BMC,Aluminium,5200,7,Sehr gut,3,9.0,,4,2060.0,154.36,-15.0,1
VM-20254,Rennrad,0,Canyon,Aluminium,3340,6,Akzeptabel,1,7.9,,3,1250.0,93.66,6.0,0
VM-20255,Rennrad,0,Scott,Aluminium,1770,0,Gut,2,8.2,,4,1200.0,89.92,-13.0,1
VM-20256,Mountainbike,0,Scott,Aluminium,1760,0,Gut,2,11.9,,10,1400.0,104.9,2.0,0
VM-20257,E-Bike,1,Stromer,Aluminium,4490,3,Sehr gut,3,24.7,5794,5,2340.0,175.34,1.0,1
VM-20258,City,0,Cube,Aluminium,1210,1,Wie neu,4,17.7,,1,1160.0,86.92,3.0,0
VM-20259,City,0,Trek,Aluminium,520,6,Wie neu,4,17.2,,3,310.0,23.23,-8.0,1
VM-20260,Mountainbike,0,Specialized,Aluminium,980,4,Gut,2,12.6,,3,480.0,35.97,0.0,1
VM-20261,E-Bike,1,Specialized,Aluminium,4100,5,Gut,2,23.3,7724,4,1320.0,98.91,3.0,1
VM-20262,Gravel,0,BMC,Aluminium,2160,10,Sehr gut,3,9.1,,9,880.0,65.94,4.0,0
VM-20263,Rennrad,0,Scott,Carbon,3380,5,Gut,2,8.3,,2,1590.0,119.14,-3.0,1
VM-20264,Gravel,0,Canyon,Carbon,3360,8,Akzeptabel,1,8.8,,3,1080.0,80.93,1.0,0
VM-20265,City,0,Tour de Suisse,Aluminium,570,2,Gut,2,17.6,,8,350.0,26.23,-9.0,0
VM-20266,Gravel,0,Cube,Aluminium,1500,4,Wie neu,4,11.0,,10,1150.0,86.17,7.0,1
VM-20267,Rennrad,0,Canyon,Aluminium,1790,3,Gut,2,9.9,,5,930.0,69.69,-12.0,1
VM-20268,Rennrad,0,Specialized,Carbon,5990,1,Akzeptabel,1,8.1,,4,3240.0,242.78,-4.0,1
VM-20269,City,0,Trek,Aluminium,550,9,Gut,2,17.0,,4,210.0,15.74,-6.0,1
VM-20270,Gravel,0,BMC,Carbon,1830,3,Gut,2,8.2,,3,910.0,68.19,-18.0,1
VM-20271,City,0,Tour de Suisse,Aluminium,770,7,Gut,2,16.1,,10,390.0,29.22,8.0,0
VM-20272,Gravel,0,Cube,Carbon,4400,4,Sehr gut,3,7.4,,5,3160.0,236.78,11.0,0
VM-20273,Rennrad,0,BMC,Carbon,3570,5,Sehr gut,3,8.2,,7,1700.0,127.38,-15.0,1
VM-20274,City,0,Cube,Aluminium,1150,0,Sehr gut,3,17.5,,9,1100.0,82.42,6.0,0
VM-20275,City,0,Tour de Suisse,Stahl,790,7,Gut,2,15.4,,9,330.0,24.73,-11.0,1
VM-20276,City,0,Villiger,Stahl,620,7,Sehr gut,3,17.9,,3,370.0,27.72,10.0,0
VM-20277,Rennrad,0,Trek,Carbon,4610,7,Wie neu,4,6.3,,5,2360.0,176.84,-1.0,0
VM-20278,Gravel,0,BMC,Aluminium,2240,4,Sehr gut,3,9.8,,10,1530.0,114.64,6.0,1
VM-20279,Rennrad,0,Scott,Carbon,2710,3,Gut,2,7.2,,5,1560.0,116.89,-2.0,1
VM-20280,E-Bike,1,Stromer,Aluminium,2600,4,Akzeptabel,1,21.5,6792,2,670.0,50.2,-13.0,1
VM-20281,Gravel,0,Specialized,Aluminium,2440,8,Gut,2,9.4,,7,1030.0,77.18,5.0,0
VM-20282,E-Bike,1,Stromer,Aluminium,3840,1,Gut,2,25.0,5787,8,2260.0,169.34,-5.0,1
VM-20283,Rennrad,0,Canyon,Aluminium,5660,0,Akzeptabel,1,7.7,,3,3180.0,238.28,-9.0,0
VM-20284,Gravel,0,BMC,Aluminium,2200,5,Wie neu,4,9.7,,9,1490.0,111.65,3.0,1
VM-20285,Rennrad,0,Specialized,Aluminium,3130,6,Gut,2,9.2,,4,1450.0,108.65,5.0,0
VM-20286,Gravel,0,Cube,Aluminium,2320,3,Gut,2,9.3,,9,1490.0,111.65,6.0,0
VM-20287,City,0,Cube,Aluminium,580,2,Gut,2,17.4,,1,390.0,29.22,-0.0,0
VM-20288,City,0,Trek,Stahl,1480,1,Sehr gut,3,17.0,,4,1210.0,90.67,-2.0,0
VM-20289,Rennrad,0,Canyon,Aluminium,3750,2,Gut,2,8.1,,6,2630.0,197.07,9.0,0
VM-20290,E-Bike,1,Cube,Aluminium,6000,8,Gut,2,27.2,12142,10,1240.0,92.91,14.0,0
VM-20291,City,0,Trek,Aluminium,1460,4,Akzeptabel,1,16.1,,6,770.0,57.7,14.0,0
VM-20292,Rennrad,0,Scott,Carbon,6300,7,Akzeptabel,1,6.8,,8,1940.0,145.37,-4.0,1
VM-20293,Rennrad,0,BMC,Aluminium,4350,8,Sehr gut,3,9.4,,4,1560.0,116.89,-15.0,1
VM-20294,City,0,Tour de Suisse,Aluminium,1430,4,Sehr gut,3,16.7,,2,780.0,58.45,-19.0,1
VM-20295,Mountainbike,0,Canyon,Aluminium,2610,0,Gut,2,13.8,,6,1900.0,142.37,-7.0,1
VM-20296,City,0,Trek,Aluminium,1100,6,Sehr gut,3,17.2,,2,580.0,43.46,-9.0,1
VM-20297,Mountainbike,0,Specialized,Aluminium,2550,1,Sehr gut,3,14.2,,8,1690.0,126.63,-17.0,1
VM-20298,E-Bike,1,Flyer,Aluminium,4990,3,Gut,2,25.1,317,4,2310.0,173.09,-3.0,1
VM-20299,Rennrad,0,Scott,Aluminium,1870,10,Sehr gut,3,8.4,,2,800.0,59.94,22.0,0
VM-20300,Mountainbike,0,Cube,Carbon,4520,8,Akzeptabel,1,13.4,,10,920.0,68.94,-17.0,1
VM-20301,Mountainbike,0,Canyon,Aluminium,1000,5,Sehr gut,3,15.0,,9,550.0,41.21,9.0,0
VM-20302,Gravel,0,BMC,Aluminium,1260,8,Gut,2,10.9,,10,480.0,35.97,-5.0,1
VM-20303,E-Bike,1,Flyer,Aluminium,4640,4,Gut,2,25.5,888,9,1630.0,122.14,-13.0,1
VM-20304,Rennrad,0,Canyon,Aluminium,2130,2,Sehr gut,3,8.0,,7,1710.0,128.13,8.0,0
VM-20305,E-Bike,1,Cube,Aluminium,2980,9,Sehr gut,3,27.4,12342,7,540.0,40.46,2.0,1
VM-20306,Rennrad,0,Trek,Carbon,6560,4,Akzeptabel,1,8.3,,6,2750.0,206.06,-1.0,1
VM-20307,Mountainbike,0,Canyon,Aluminium,1760,4,Wie neu,4,13.6,,4,1020.0,76.43,-8.0,1
VM-20308,Mountainbike,0,Cube,Aluminium,2630,10,Gut,2,14.1,,1,730.0,54.7,14.0,0
VM-20309,Mountainbike,0,Canyon,Carbon,2250,6,Sehr gut,3,12.8,,7,1050.0,78.68,4.0,1
VM-20310,Mountainbike,0,Canyon,Aluminium,980,10,Akzeptabel,1,14.1,,8,180.0,13.49,-5.0,1
VM-20311,E-Bike,1,Specialized,Aluminium,4710,6,Wie neu,4,25.3,7168,2,2000.0,149.86,23.0,0
VM-20312,Rennrad,0,Canyon,Aluminium,2980,4,Gut,2,7.9,,9,1640.0,122.89,3.0,0
VM-20313,City,0,Villiger,Stahl,570,1,Gut,2,17.7,,10,440.0,32.97,6.0,0
VM-20314,Mountainbike,0,Cube,Carbon,3370,0,Gut,2,13.3,,3,3280.0,245.77,25.0,0
VM-20315,City,0,Cube,Aluminium,740,5,Sehr gut,3,17.3,,5,440.0,32.97,-5.0,0
VM-20316,Rennrad,0,BMC,Carbon,5650,9,Wie neu,4,8.6,,10,2910.0,218.05,20.0,0
VM-20317,Gravel,0,BMC,Aluminium,2190,3,Gut,2,9.4,,5,1430.0,107.15,8.0,0
VM-20318,E-Bike,1,Specialized,Aluminium,5200,4,Sehr gut,3,24.6,14408,8,1810.0,135.62,-10.0,1
VM-20319,City,0,Cube,Aluminium,940,9,Sehr gut,3,15.2,,7,460.0,34.47,4.0,0
VM-20320,E-Bike,1,Cube,Aluminium,7940,8,Sehr gut,3,23.9,5292,6,1880.0,140.87,3.0,0
VM-20321,Rennrad,0,BMC,Aluminium,2120,4,Gut,2,8.5,,9,1030.0,77.18,-9.0,1
VM-20322,E-Bike,1,Flyer,Aluminium,2710,4,Sehr gut,3,25.0,3711,6,990.0,74.18,-19.0,1
VM-20323,Gravel,0,Canyon,Aluminium,2350,3,Sehr gut,3,10.4,,2,1950.0,146.11,18.0,0
VM-20324,City,0,Cube,Aluminium,680,6,Gut,2,15.0,,10,350.0,26.23,2.0,0
VM-20325,Mountainbike,0,Cube,Aluminium,5080,2,Sehr gut,3,15.0,,4,3490.0,261.51,-4.0,0
VM-20326,E-Bike,1,Flyer,Aluminium,5570,4,Sehr gut,3,24.7,2632,3,2490.0,186.58,-2.0,1
VM-20327,Rennrad,0,Scott,Aluminium,4040,2,Gut,2,8.1,,3,3010.0,225.54,15.0,0
VM-20328,Gravel,0,BMC,Carbon,4940,5,Sehr gut,3,8.7,,5,2620.0,196.32,-11.0,1
VM-20329,Rennrad,0,Canyon,Aluminium,4700,4,Wie neu,4,7.8,,3,3220.0,241.28,-0.0,0
VM-20330,Gravel,0,Specialized,Aluminium,1930,2,Sehr gut,3,9.7,,6,1750.0,131.13,19.0,0
VM-20331,Rennrad,0,Canyon,Carbon,5510,3,Sehr gut,3,8.2,,2,3170.0,237.53,-15.0,1
VM-20332,Gravel,0,Canyon,Aluminium,1260,8,Akzeptabel,1,10.3,,8,400.0,29.97,-0.0,1
VM-20333,E-Bike,1,Stromer,Aluminium,5630,5,Sehr gut,3,25.7,3445,1,1910.0,143.12,-11.0,1
VM-20334,E-Bike,1,Stromer,Aluminium,4200,8,Wie neu,4,25.7,13572,1,950.0,71.18,-1.0,1
VM-20335,City,0,Trek,Aluminium,740,3,Gut,2,16.1,,2,520.0,38.96,12.0,0
VM-20336,City,0,Tour de Suisse,Stahl,740,6,Sehr gut,3,16.8,,4,390.0,29.22,-9.0,1
VM-20337,E-Bike,1,Cube,Aluminium,2730,10,Wie neu,4,26.2,8991,7,460.0,34.47,-4.0,1
VM-20338,City,0,Villiger,Aluminium,1500,5,Akzeptabel,1,14.2,,4,530.0,39.71,-18.0,1
VM-20339,City,0,Tour de Suisse,Stahl,610,9,Sehr gut,3,14.2,,1,300.0,22.48,5.0,0
VM-20340,Gravel,0,BMC,Aluminium,1800,9,Gut,2,9.6,,1,720.0,53.95,9.0,0
VM-20341,E-Bike,1,Trek,Aluminium,7820,4,Gut,2,26.2,3410,5,3700.0,277.24,21.0,0
VM-20342,Gravel,0,BMC,Carbon,3900,6,Gut,2,8.9,,1,2460.0,184.33,33.0,0
VM-20343,E-Bike,1,Stromer,Aluminium,4140,2,Gut,2,24.1,5522,8,2270.0,170.09,4.0,0
VM-20344,Mountainbike,0,Scott,Aluminium,1910,3,Sehr gut,3,14.8,,7,1110.0,83.17,-8.0,1
VM-20345,Mountainbike,0,Scott,Carbon,3950,5,Gut,2,12.0,,5,1600.0,119.89,-7.0,1
VM-20346,Rennrad,0,Specialized,Aluminium,2820,0,Sehr gut,3,9.8,,1,2060.0,154.36,-19.0,1
VM-20347,Mountainbike,0,Specialized,Aluminium,1140,4,Sehr gut,3,12.6,,2,640.0,47.96,-1.0,0
VM-20348,Rennrad,0,Trek,Carbon,3500,2,Akzeptabel,1,7.7,,2,1940.0,145.37,8.0,0
VM-20349,Rennrad,0,Trek,Aluminium,1880,6,Wie neu,4,9.0,,10,970.0,72.68,-9.0,1
VM-20350,Mountainbike,0,Scott,Carbon,3090,9,Gut,2,11.8,,4,960.0,71.93,14.0,0
VM-20351,City,0,Villiger,Stahl,1450,5,Sehr gut,3,17.7,,6,850.0,63.69,-6.0,1
VM-20352,City,0,Trek,Stahl,830,8,Akzeptabel,1,15.0,,10,260.0,19.48,-10.0,1
VM-20353,Rennrad,0,BMC,Aluminium,1920,5,Sehr gut,3,7.6,,4,990.0,74.18,-8.0,1
VM-20354,City,0,Villiger,Stahl,960,9,Sehr gut,3,16.3,,4,370.0,27.72,-18.0,1
VM-20355,Rennrad,0,Canyon,Carbon,2190,2,Sehr gut,3,8.8,,3,1490.0,111.65,-9.0,1
VM-20356,Mountainbike,0,Specialized,Aluminium,1710,9,Gut,2,15.3,,2,490.0,36.72,5.0,0
VM-20357,E-Bike,1,Specialized,Aluminium,4570,2,Akzeptabel,1,23.4,2182,6,1750.0,131.13,-12.0,1
VM-20358,Mountainbike,0,Specialized,Carbon,2630,5,Gut,2,11.4,,7,1080.0,80.93,-6.0,1
VM-20359,Rennrad,0,Canyon,Carbon,6290,6,Sehr gut,3,8.3,,9,3960.0,296.73,23.0,0
VM-20360,City,0,Trek,Stahl,680,1,Gut,2,16.4,,6,550.0,41.21,12.0,0
VM-20361,Rennrad,0,Specialized,Aluminium,3840,3,Sehr gut,3,9.6,,5,2680.0,200.81,3.0,0
VM-20362,City,0,Tour de Suisse,Aluminium,630,8,Sehr gut,3,14.4,,8,230.0,17.23,-28.0,1
VM-20363,Rennrad,0,Trek,Carbon,4950,1,Sehr gut,3,6.6,,9,3930.0,294.48,-3.0,1
VM-20364,City,0,Tour de Suisse,Stahl,1080,10,Akzeptabel,1,16.8,,3,350.0,26.23,8.0,0
VM-20365,Mountainbike,0,Cube,Carbon,3910,3,Gut,2,12.6,,9,2190.0,164.1,2.0,1
VM-20366,City,0,Cube,Aluminium,760,3,Gut,2,14.3,,8,560.0,41.96,17.0,0
VM-20367,City,0,Tour de Suisse,Stahl,500,4,Wie neu,4,16.5,,5,380.0,28.47,2.0,0
VM-20368,City,0,Tour de Suisse,Aluminium,1460,9,Gut,2,16.6,,1,590.0,44.21,-0.0,0
VM-20369,City,0,Villiger,Aluminium,1180,6,Gut,2,16.0,,3,710.0,53.2,19.0,0
VM-20370,City,0,Villiger,Stahl,810,4,Gut,2,17.5,,2,430.0,32.22,-9.0,1
VM-20371,City,0,Cube,Stahl,820,8,Sehr gut,3,17.9,,10,350.0,26.23,-15.0,1
VM-20372,Mountainbike,0,Trek,Aluminium,3010,2,Akzeptabel,1,12.6,,8,1420.0,106.4,-4.0,1
VM-20373,City,0,Tour de Suisse,Stahl,710,5,Wie neu,4,15.8,,10,390.0,29.22,-21.0,1
VM-20374,Gravel,0,Specialized,Aluminium,1280,3,Gut,2,9.5,,2,840.0,62.94,8.0,0
VM-20375,E-Bike,1,Flyer,Aluminium,6060,6,Gut,2,25.5,11074,4,1630.0,122.14,5.0,0
VM-20376,Mountainbike,0,Cube,Aluminium,3670,6,Gut,2,13.3,,3,1350.0,101.16,-5.0,1
VM-20377,Mountainbike,0,Trek,Aluminium,1240,4,Gut,2,12.8,,6,550.0,41.21,-9.0,1
VM-20378,Rennrad,0,Trek,Aluminium,4330,9,Akzeptabel,1,8.6,,8,1110.0,83.17,-3.0,1
VM-20379,City,0,Tour de Suisse,Stahl,1260,4,Gut,2,17.1,,10,770.0,57.7,5.0,1
VM-20380,Rennrad,0,Trek,Carbon,5360,7,Wie neu,4,8.1,,1,2520.0,188.83,-9.0,1
VM-20381,City,0,Trek,Stahl,740,3,Akzeptabel,1,14.7,,10,350.0,26.23,-5.0,1
VM-20382,Mountainbike,0,Trek,Carbon,6280,7,Sehr gut,3,10.9,,1,2320.0,173.84,-7.0,1
VM-20383,Rennrad,0,BMC,Aluminium,1690,6,Sehr gut,3,10.0,,7,920.0,68.94,7.0,0
VM-20384,Rennrad,0,Scott,Carbon,5700,5,Wie neu,4,6.3,,5,3610.0,270.5,1.0,0
VM-20385,Rennrad,0,Trek,Aluminium,1640,8,Gut,2,9.3,,2,650.0,48.7,8.0,0
VM-20386,Rennrad,0,BMC,Aluminium,3520,4,Sehr gut,3,9.1,,2,2310.0,173.09,6.0,0
VM-20387,E-Bike,1,Flyer,Aluminium,6060,9,Sehr gut,3,27.5,19347,1,980.0,73.43,1.0,1
VM-20388,Rennrad,0,Scott,Aluminium,1740,8,Sehr gut,3,9.3,,8,720.0,53.95,-2.0,1
VM-20389,Mountainbike,0,Trek,Aluminium,920,3,Sehr gut,3,12.8,,7,580.0,43.46,-1.0,1
VM-20390,Rennrad,0,Trek,Carbon,5210,6,Sehr gut,3,6.8,,2,2440.0,182.83,-8.0,1
VM-20391,Gravel,0,BMC,Aluminium,1380,10,Gut,2,8.8,,4,500.0,37.47,7.0,0
VM-20392,E-Bike,1,Specialized,Aluminium,4810,3,Akzeptabel,1,27.4,10357,9,1790.0,134.13,12.0,0
VM-20393,Gravel,0,Specialized,Carbon,4800,4,Akzeptabel,1,8.0,,2,1910.0,143.12,-10.0,0
VM-20394,Mountainbike,0,Cube,Carbon,2750,6,Akzeptabel,1,10.6,,4,810.0,60.69,-4.0,1
VM-20395,Mountainbike,0,Specialized,Aluminium,1310,2,Wie neu,4,15.3,,7,900.0,67.44,-13.0,1
VM-20396,City,0,Villiger,Aluminium,1080,5,Gut,2,15.9,,7,610.0,45.71,4.0,0
VM-20397,Rennrad,0,Specialized,Carbon,2290,6,Sehr gut,3,6.8,,1,1260.0,94.41,8.0,0
VM-20398,Mountainbike,0,Trek,Aluminium,1810,5,Sehr gut,3,13.8,,8,1060.0,79.43,17.0,0
VM-20399,Gravel,0,Cube,Carbon,2380,3,Gut,2,9.7,,1,1550.0,116.14,7.0,0
VM-20400,Rennrad,0,BMC,Carbon,3780,9,Sehr gut,3,8.6,,3,1640.0,122.89,13.0,0
VM-20401,Rennrad,0,Canyon,Carbon,4670,3,Akzeptabel,1,6.5,,8,2300.0,172.34,5.0,0
VM-20402,E-Bike,1,Cube,Aluminium,5050,4,Wie neu,4,26.9,5955,3,2720.0,203.81,11.0,0
VM-20403,Rennrad,0,Scott,Aluminium,2180,5,Wie neu,4,8.4,,6,1210.0,90.67,-11.0,1
VM-20404,Mountainbike,0,Specialized,Carbon,4570,5,Sehr gut,3,10.7,,6,2100.0,157.35,-9.0,1
VM-20405,City,0,Tour de Suisse,Stahl,770,0,Gut,2,14.5,,4,480.0,35.97,-20.0,1
VM-20406,Gravel,0,Cube,Aluminium,2380,3,Gut,2,10.2,,6,1620.0,121.39,12.0,0
VM-20407,Mountainbike,0,Scott,Aluminium,1730,1,Gut,2,14.1,,1,1280.0,95.91,7.0,0
VM-20408,E-Bike,1,Stromer,Aluminium,3020,4,Akzeptabel,1,24.6,9186,3,960.0,71.93,10.0,0
VM-20409,E-Bike,1,Stromer,Aluminium,7310,2,Sehr gut,3,24.9,2660,3,4940.0,370.16,7.0,0
VM-20410,Rennrad,0,Canyon,Aluminium,4400,7,Wie neu,4,7.6,,2,2480.0,185.83,9.0,0
VM-20411,City,0,Trek,Stahl,1020,5,Wie neu,4,17.3,,9,710.0,53.2,0.0,1
VM-20412,Gravel,0,BMC,Aluminium,1720,6,Gut,2,8.8,,1,790.0,59.2,-3.0,1
VM-20413,Mountainbike,0,Scott,Aluminium,1420,1,Wie neu,4,14.6,,4,1380.0,103.4,9.0,0
VM-20414,City,0,Tour de Suisse,Stahl,780,1,Wie neu,4,16.1,,9,760.0,56.95,5.0,1
VM-20415,Gravel,0,Canyon,Aluminium,2660,1,Sehr gut,3,9.1,,4,1970.0,147.61,-11.0,1
VM-20416,Rennrad,0,Specialized,Carbon,3760,0,Gut,2,6.8,,4,2940.0,220.3,0.0,0
VM-20417,City,0,Cube,Aluminium,1150,6,Sehr gut,3,17.3,,1,670.0,50.2,0.0,1
VM-20418,E-Bike,1,Flyer,Aluminium,6210,9,Akzeptabel,1,27.6,15280,1,680.0,50.95,-7.0,1
VM-20419,Mountainbike,0,Cube,Aluminium,3980,3,Gut,2,14.0,,5,1810.0,135.62,-17.0,1
VM-20420,Gravel,0,Specialized,Carbon,2640,4,Sehr gut,3,8.7,,10,1610.0,120.64,-5.0,1
VM-20421,Gravel,0,Cube,Aluminium,2260,5,Sehr gut,3,10.6,,3,1610.0,120.64,20.0,0
VM-20422,Gravel,0,Specialized,Carbon,2780,6,Gut,2,9.4,,8,1260.0,94.41,-4.0,1
VM-20423,City,0,Trek,Aluminium,770,5,Akzeptabel,1,15.7,,8,330.0,24.73,-1.0,1
VM-20424,Gravel,0,Specialized,Aluminium,2440,3,Wie neu,4,10.2,,10,2070.0,155.11,9.0,0
VM-20425,E-Bike,1,Specialized,Aluminium,7280,6,Gut,2,26.3,4892,9,1950.0,146.11,-3.0,1
VM-20426,Rennrad,0,Scott,Aluminium,2700,1,Gut,2,8.6,,5,1830.0,137.12,-5.0,1
VM-20427,Rennrad,0,Canyon,Aluminium,1540,7,Sehr gut,3,7.9,,6,840.0,62.94,17.0,0
VM-20428,Rennrad,0,Canyon,Aluminium,2390,9,Gut,2,8.9,,5,690.0,51.7,-14.0,1
VM-20429,Gravel,0,Specialized,Carbon,4980,8,Sehr gut,3,9.4,,6,1940.0,145.37,-16.0,1
VM-20430,Mountainbike,0,Canyon,Carbon,4370,6,Sehr gut,3,14.0,,6,2220.0,166.35,14.0,0
VM-20431,E-Bike,1,Stromer,Aluminium,3100,8,Wie neu,4,27.8,22677,8,630.0,47.21,2.0,1
VM-20432,Rennrad,0,Canyon,Aluminium,2410,4,Sehr gut,3,8.3,,8,1480.0,110.9,-0.0,0
VM-20433,Rennrad,0,Scott,Aluminium,4880,7,Wie neu,4,8.5,,4,2210.0,165.6,-12.0,1
VM-20434,Gravel,0,Canyon,Carbon,3650,3,Sehr gut,3,9.3,,1,2190.0,164.1,-14.0,1
VM-20435,E-Bike,1,Trek,Aluminium,6870,10,Gut,2,27.2,18265,3,820.0,61.44,-0.0,0
VM-20436,E-Bike,1,Cube,Aluminium,2510,2,Gut,2,22.0,10629,7,1070.0,80.18,-13.0,1
VM-20437,E-Bike,1,Flyer,Aluminium,5040,3,Gut,2,25.9,7056,3,2450.0,183.58,11.0,0
VM-20438,Gravel,0,Specialized,Carbon,3950,9,Sehr gut,3,8.7,,2,1630.0,122.14,-3.0,1
VM-20439,Rennrad,0,Specialized,Carbon,6630,5,Akzeptabel,1,7.3,,3,2870.0,215.05,12.0,0
VM-20440,E-Bike,1,Flyer,Aluminium,4650,0,Sehr gut,3,22.9,730,4,4200.0,314.71,1.0,0
VM-20441,Mountainbike,0,Canyon,Aluminium,1470,2,Gut,2,12.7,,4,1000.0,74.93,10.0,0
VM-20442,Rennrad,0,BMC,Aluminium,1910,1,Gut,2,9.7,,9,1410.0,105.65,4.0,1
VM-20443,City,0,Trek,Aluminium,650,1,Gut,2,14.8,,4,490.0,36.72,4.0,0
VM-20444,City,0,Tour de Suisse,Aluminium,690,9,Gut,2,17.2,,3,340.0,25.48,21.0,0
VM-20445,Rennrad,0,BMC,Carbon,4670,4,Gut,2,7.4,,4,2780.0,208.31,11.0,0
VM-20446,E-Bike,1,Trek,Aluminium,5110,0,Sehr gut,3,23.7,3934,5,4360.0,326.7,-0.0,0
VM-20447,Mountainbike,0,Cube,Aluminium,990,9,Gut,2,13.2,,7,300.0,22.48,11.0,0
VM-20448,Rennrad,0,Specialized,Aluminium,1900,4,Sehr gut,3,9.2,,8,1320.0,98.91,13.0,0
VM-20449,E-Bike,1,Stromer,Aluminium,6010,8,Sehr gut,3,27.0,18149,7,1070.0,80.18,-7.0,1
VM-20450,Gravel,0,BMC,Carbon,4040,8,Wie neu,4,9.3,,8,1750.0,131.13,-16.0,1
VM-20451,City,0,Cube,Aluminium,1400,5,Gut,2,16.3,,3,880.0,65.94,16.0,0
VM-20452,City,0,Cube,Aluminium,1200,2,Wie neu,4,14.8,,1,1010.0,75.68,-3.0,0
VM-20453,City,0,Trek,Aluminium,660,2,Akzeptabel,1,15.2,,5,350.0,26.23,-1.0,1
VM-20454,City,0,Cube,Aluminium,830,3,Wie neu,4,15.0,,10,710.0,53.2,6.0,1
VM-20455,Mountainbike,0,Trek,Aluminium,1070,8,Sehr gut,3,11.7,,7,350.0,26.23,-8.0,1
VM-20456,City,0,Tour de Suisse,Aluminium,1400,8,Sehr gut,3,16.7,,8,940.0,70.43,33.0,0
VM-20457,Rennrad,0,Trek,Aluminium,4820,8,Wie neu,4,7.7,,6,2100.0,157.35,-7.0,1
VM-20458,E-Bike,1,Trek,Aluminium,7640,3,Sehr gut,3,21.9,2543,2,3990.0,298.97,-3.0,0
VM-20459,Gravel,0,Canyon,Aluminium,3050,4,Gut,2,10.4,,3,1720.0,128.88,1.0,0
VM-20460,Mountainbike,0,Trek,Carbon,1280,6,Sehr gut,3,10.9,,8,620.0,46.46,8.0,0
VM-20461,Gravel,0,Specialized,Aluminium,1460,4,Gut,2,8.7,,3,840.0,62.94,3.0,0
VM-20462,City,0,Tour de Suisse,Aluminium,1260,5,Akzeptabel,1,16.5,,6,640.0,47.96,18.0,0
VM-20463,Mountainbike,0,Scott,Aluminium,1720,4,Sehr gut,3,14.0,,5,930.0,69.69,-4.0,1
VM-20464,Mountainbike,0,Cube,Aluminium,2150,8,Gut,2,11.7,,7,720.0,53.95,9.0,0
VM-20465,City,0,Cube,Aluminium,980,7,Sehr gut,3,16.0,,3,440.0,32.97,-17.0,1
VM-20466,Mountainbike,0,Specialized,Aluminium,1560,6,Gut,2,13.1,,5,640.0,47.96,6.0,0
VM-20467,City,0,Villiger,Aluminium,550,6,Gut,2,14.1,,4,250.0,18.73,-10.0,1
VM-20468,Gravel,0,Cube,Aluminium,1730,4,Gut,2,9.7,,2,1120.0,83.92,16.0,0
VM-20469,E-Bike,1,Cube,Aluminium,4040,10,Akzeptabel,1,21.0,8877,8,420.0,31.47,-5.0,0
VM-20470,Gravel,0,BMC,Carbon,4820,8,Wie neu,4,9.8,,2,2460.0,184.33,-1.0,0
VM-20471,City,0,Trek,Aluminium,880,6,Gut,2,17.7,,2,450.0,33.72,1.0,0
VM-20472,Rennrad,0,Specialized,Aluminium,1870,5,Gut,2,9.3,,9,870.0,65.19,-4.0,1
VM-20473,E-Bike,1,Stromer,Aluminium,4720,5,Sehr gut,3,26.7,16793,4,1470.0,110.15,-2.0,0
VM-20474,Gravel,0,Canyon,Aluminium,2610,2,Wie neu,4,9.6,,10,2800.0,209.81,27.0,0
VM-20475,Mountainbike,0,Canyon,Aluminium,2720,1,Wie neu,4,14.8,,6,2380.0,178.33,-2.0,1
VM-20476,Gravel,0,Cube,Aluminium,1260,3,Sehr gut,3,9.2,,1,1190.0,89.17,35.0,0
VM-20477,Rennrad,0,Canyon,Aluminium,2000,2,Wie neu,4,9.0,,1,1350.0,101.16,-18.0,1
VM-20478,E-Bike,1,Flyer,Aluminium,3520,10,Wie neu,4,24.0,4407,10,540.0,40.46,-18.0,1
VM-20479,E-Bike,1,Flyer,Aluminium,2830,3,Gut,2,23.8,1985,1,1160.0,86.92,-12.0,1
VM-20480,Gravel,0,BMC,Aluminium,1500,10,Gut,2,8.9,,2,480.0,35.97,-6.0,0
VM-20481,Rennrad,0,BMC,Carbon,2050,5,Sehr gut,3,6.6,,5,1120.0,83.92,-3.0,1
VM-20482,City,0,Tour de Suisse,Aluminium,650,2,Sehr gut,3,14.3,,10,440.0,32.97,-13.0,1
VM-20483,E-Bike,1,Specialized,Aluminium,4090,3,Gut,2,21.6,4157,4,2440.0,182.83,31.0,0
VM-20484,Rennrad,0,Specialized,Carbon,4520,2,Sehr gut,3,8.4,,5,2910.0,218.05,-14.0,1
VM-20485,Rennrad,0,BMC,Aluminium,1920,2,Wie neu,4,8.2,,6,1540.0,115.39,-3.0,1
VM-20486,Gravel,0,Canyon,Aluminium,1720,7,Gut,2,8.7,,4,690.0,51.7,-8.0,1
VM-20487,E-Bike,1,Stromer,Aluminium,6310,6,Sehr gut,3,27.6,19098,4,1660.0,124.38,1.0,0
VM-20488,City,0,Cube,Stahl,910,3,Wie neu,4,15.6,,9,730.0,54.7,-0.0,0
VM-20489,Gravel,0,Canyon,Carbon,3520,4,Gut,2,9.6,,3,1880.0,140.87,-4.0,1
VM-20490,Mountainbike,0,Trek,Aluminium,3720,5,Gut,2,14.2,,9,1870.0,140.12,15.0,0
VM-20491,Mountainbike,0,Scott,Carbon,5930,10,Sehr gut,3,13.5,,6,1550.0,116.14,-7.0,1
VM-20492,Rennrad,0,BMC,Carbon,5060,9,Gut,2,8.0,,7,1750.0,131.13,4.0,0
VM-20493,Mountainbike,0,Cube,Carbon,1270,6,Sehr gut,3,11.9,,5,520.0,38.96,-8.0,1
VM-20494,Mountainbike,0,Specialized,Aluminium,1550,5,Wie neu,4,12.7,,7,840.0,62.94,-3.0,1
VM-20495,Rennrad,0,Trek,Aluminium,1970,8,Gut,2,9.4,,4,740.0,55.45,2.0,0
VM-20496,City,0,Tour de Suisse,Aluminium,990,3,Sehr gut,3,17.6,,4,650.0,48.7,-9.0,1
VM-20497,E-Bike,1,Trek,Aluminium,2790,7,Wie neu,4,26.0,8844,8,890.0,66.69,11.0,0
VM-20498,Gravel,0,BMC,Carbon,3590,8,Gut,2,8.8,,10,1290.0,96.66,-10.0,1
VM-20499,E-Bike,1,Cube,Aluminium,7020,10,Gut,2,23.7,20110,10,760.0,56.95,-7.0,1
VM-20500,City,0,Cube,Aluminium,1000,5,Akzeptabel,1,16.0,,9,430.0,32.22,-0.0,0
VM-20501,City,0,Tour de Suisse,Aluminium,1200,0,Gut,2,16.1,,3,1030.0,77.18,10.0,0
VM-20502,Rennrad,0,BMC,Carbon,4340,2,Sehr gut,3,7.3,,5,3560.0,266.75,10.0,0
VM-20503,City,0,Villiger,Aluminium,500,4,Gut,2,14.3,,3,300.0,22.48,3.0,0
VM-20504,E-Bike,1,Trek,Aluminium,3960,2,Akzeptabel,1,25.5,3384,10,1990.0,149.11,17.0,0
VM-20505,City,0,Trek,Stahl,1490,5,Sehr gut,3,17.2,,7,1030.0,77.18,10.0,0
VM-20506,E-Bike,1,Trek,Aluminium,5820,6,Sehr gut,3,21.9,5912,2,2360.0,176.84,29.0,0
VM-20507,Rennrad,0,Scott,Carbon,3210,5,Wie neu,4,8.1,,6,2100.0,157.35,5.0,1
VM-20508,Rennrad,0,Specialized,Carbon,5860,2,Sehr gut,3,6.6,,7,3350.0,251.02,-23.0,1
VM-20509,City,0,Cube,Stahl,1140,4,Gut,2,14.2,,4,610.0,45.71,-8.0,0
VM-20510,Gravel,0,Canyon,Aluminium,1410,6,Akzeptabel,1,9.0,,7,470.0,35.22,-11.0,1
VM-20511,Rennrad,0,Scott,Aluminium,1530,2,Wie neu,4,7.9,,2,1420.0,106.4,12.0,0
VM-20512,Gravel,0,BMC,Aluminium,1730,7,Sehr gut,3,8.6,,2,780.0,58.45,-10.0,1
VM-20513,Mountainbike,0,Scott,Carbon,5010,7,Sehr gut,3,12.9,,6,1630.0,122.14,-18.0,1
VM-20514,City,0,Tour de Suisse,Aluminium,670,2,Sehr gut,3,14.1,,2,480.0,35.97,-8.0,1
VM-20515,Rennrad,0,Scott,Aluminium,3400,0,Sehr gut,3,7.7,,3,2640.0,197.82,-14.0,1
VM-20516,E-Bike,1,Cube,Aluminium,7020,8,Sehr gut,3,23.0,10062,8,1700.0,127.38,12.0,0
VM-20517,City,0,Villiger,Aluminium,1500,8,Gut,2,17.2,,5,680.0,50.95,4.0,0
VM-20518,E-Bike,1,Trek,Aluminium,3500,0,Gut,2,25.9,6239,2,2630.0,197.07,4.0,0
VM-20519,E-Bike,1,Cube,Aluminium,3220,6,Akzeptabel,1,28.0,12886,9,730.0,54.7,15.0,0
VM-20520,Mountainbike,0,Specialized,Aluminium,2170,6,Sehr gut,3,13.6,,10,1030.0,77.18,6.0,1
VM-20521,Mountainbike,0,Specialized,Aluminium,920,3,Wie neu,4,13.7,,6,650.0,48.7,0.0,1
VM-20522,E-Bike,1,Specialized,Aluminium,3380,0,Sehr gut,3,26.7,3389,4,3530.0,264.51,21.0,0
VM-20523,E-Bike,1,Flyer,Aluminium,4740,1,Gut,2,25.3,3628,9,3720.0,278.74,24.0,0
VM-20524,E-Bike,1,Trek,Aluminium,2810,1,Sehr gut,3,27.6,6097,1,2040.0,152.86,2.0,0
VM-20525,Gravel,0,Canyon,Carbon,3820,5,Gut,2,7.6,,10,1750.0,131.13,-11.0,1
VM-20526,City,0,Villiger,Aluminium,1310,2,Akzeptabel,1,17.3,,1,680.0,50.95,-3.0,0
VM-20527,E-Bike,1,Trek,Aluminium,5590,3,Sehr gut,3,27.7,10697,7,2590.0,194.07,-4.0,1
VM-20528,E-Bike,1,Trek,Aluminium,5940,4,Sehr gut,3,21.8,4155,2,2750.0,206.06,4.0,0
VM-20529,Gravel,0,Specialized,Aluminium,1520,7,Gut,2,8.9,,1,630.0,47.21,-5.0,0
VM-20530,Gravel,0,BMC,Aluminium,1890,8,Wie neu,4,9.7,,2,920.0,68.94,-5.0,1
VM-20531,City,0,Villiger,Stahl,950,5,Sehr gut,3,17.0,,5,500.0,37.47,-16.0,1
VM-20532,Rennrad,0,BMC,Carbon,4810,8,Sehr gut,3,8.2,,3,1990.0,149.11,-2.0,0
VM-20533,Gravel,0,BMC,Aluminium,2810,9,Gut,2,9.4,,1,1300.0,97.41,26.0,0
VM-20534,City,0,Villiger,Stahl,590,5,Akzeptabel,1,17.1,,6,250.0,18.73,-2.0,0
VM-20535,Mountainbike,0,Scott,Aluminium,1290,5,Gut,2,12.4,,2,480.0,35.97,-15.0,1
VM-20536,Mountainbike,0,Specialized,Aluminium,950,8,Gut,2,15.1,,6,360.0,26.98,23.0,0
VM-20537,E-Bike,1,Cube,Aluminium,3290,3,Akzeptabel,1,23.1,3388,2,1170.0,87.67,-3.0,0
VM-20538,Gravel,0,BMC,Aluminium,2070,0,Wie neu,4,9.9,,7,1620.0,121.39,-22.0,1
VM-20539,City,0,Villiger,Aluminium,890,5,Akzeptabel,1,14.6,,5,350.0,26.23,-9.0,0
VM-20540,Mountainbike,0,Cube,Aluminium,1720,2,Gut,2,12.2,,10,1000.0,74.93,-6.0,1
VM-20541,Mountainbike,0,Trek,Carbon,5390,0,Sehr gut,3,12.9,,6,4550.0,340.93,-6.0,1
VM-20542,Mountainbike,0,Trek,Aluminium,4630,6,Sehr gut,3,13.3,,9,1790.0,134.13,-14.0,1
VM-20543,Mountainbike,0,Trek,Carbon,4170,5,Sehr gut,3,11.5,,10,2240.0,167.84,7.0,0
VM-20544,Rennrad,0,BMC,Aluminium,2280,5,Wie neu,4,8.7,,1,1460.0,109.4,3.0,0
VM-20545,Gravel,0,Canyon,Carbon,2900,4,Gut,2,7.6,,8,1920.0,143.87,18.0,0
VM-20546,Mountainbike,0,Canyon,Aluminium,2880,1,Akzeptabel,1,15.0,,5,1570.0,117.64,-1.0,0
VM-20547,Mountainbike,0,Scott,Carbon,4070,4,Sehr gut,3,10.6,,8,2670.0,200.06,16.0,0
VM-20548,Gravel,0,BMC,Aluminium,3370,5,Sehr gut,3,9.1,,7,1720.0,128.88,-14.0,1
VM-20549,Gravel,0,Cube,Carbon,2460,8,Gut,2,9.0,,1,1210.0,90.67,23.0,0
VM-20550,Rennrad,0,Specialized,Carbon,6890,3,Wie neu,4,7.2,,8,5170.0,387.39,-0.0,1
VM-20551,Mountainbike,0,Cube,Aluminium,1030,6,Gut,2,11.5,,8,370.0,27.72,-7.0,1
VM-20552,City,0,Cube,Aluminium,510,2,Gut,2,18.0,,2,320.0,23.98,-7.0,1
VM-20553,City,0,Trek,Stahl,1150,5,Gut,2,16.2,,2,620.0,46.46,-1.0,1
VM-20554,Mountainbike,0,Canyon,Carbon,4820,1,Sehr gut,3,13.6,,7,3580.0,268.25,-7.0,1
VM-20555,E-Bike,1,Stromer,Aluminium,6720,6,Sehr gut,3,27.9,8226,9,2110.0,158.1,3.0,1
VM-20556,Mountainbike,0,Trek,Aluminium,2400,2,Wie neu,4,12.3,,2,1720.0,128.88,-10.0,1
VM-20557,Mountainbike,0,Canyon,Aluminium,1970,10,Sehr gut,3,15.2,,4,520.0,38.96,-6.0,0
VM-20558,E-Bike,1,Trek,Aluminium,3220,10,Wie neu,4,21.7,22386,4,420.0,31.47,-9.0,1
VM-20559,Mountainbike,0,Canyon,Aluminium,1180,5,Gut,2,13.3,,7,560.0,41.96,9.0,1
VM-20560,E-Bike,1,Stromer,Aluminium,2840,8,Gut,2,25.4,13730,5,510.0,38.21,1.0,1
VM-20561,Mountainbike,0,Cube,Aluminium,1540,3,Sehr gut,3,11.7,,3,1010.0,75.68,3.0,0
VM-20562,Mountainbike,0,Specialized,Aluminium,900,3,Wie neu,4,11.7,,3,680.0,50.95,7.0,0
VM-20563,Mountainbike,0,Canyon,Aluminium,2250,1,Gut,2,14.7,,9,1510.0,113.15,-3.0,1
VM-20564,E-Bike,1,Cube,Aluminium,2830,2,Sehr gut,3,25.0,4998,6,2070.0,155.11,20.0,0
VM-20565,Mountainbike,0,Cube,Carbon,4470,3,Gut,2,13.8,,1,2270.0,170.09,-8.0,1
VM-20566,Mountainbike,0,Trek,Carbon,3320,1,Akzeptabel,1,10.7,,8,1920.0,143.87,5.0,1
VM-20567,City,0,Cube,Aluminium,1490,4,Wie neu,4,15.1,,5,1160.0,86.92,4.0,0
VM-20568,Mountainbike,0,Trek,Aluminium,3790,6,Gut,2,13.1,,6,1690.0,126.63,15.0,0
VM-20569,City,0,Trek,Aluminium,1460,4,Gut,2,15.4,,1,940.0,70.43,10.0,0
VM-20570,Mountainbike,0,Scott,Aluminium,1250,2,Sehr gut,3,14.7,,6,860.0,64.44,-3.0,1
VM-20571,Rennrad,0,Canyon,Aluminium,2550,2,Gut,2,8.8,,3,1630.0,122.14,-1.0,0
VM-20572,City,0,Cube,Aluminium,540,3,Sehr gut,3,17.2,,4,370.0,27.72,-5.0,1
VM-20573,E-Bike,1,Flyer,Aluminium,3730,9,Sehr gut,3,22.7,18372,7,600.0,44.96,-1.0,1
VM-20574,Mountainbike,0,Scott,Aluminium,1410,1,Akzeptabel,1,12.6,,7,690.0,51.7,-11.0,1
VM-20575,E-Bike,1,Cube,Aluminium,2840,5,Gut,2,22.4,4966,1,1090.0,81.67,18.0,0
VM-20576,E-Bike,1,Stromer,Aluminium,4480,9,Sehr gut,3,24.5,6200,6,840.0,62.94,-3.0,1
VM-20577,Mountainbike,0,Canyon,Aluminium,3660,0,Gut,2,13.1,,1,2880.0,215.8,1.0,0
VM-20578,Mountainbike,0,Trek,Aluminium,1060,3,Wie neu,4,14.1,,6,820.0,61.44,10.0,0
VM-20579,E-Bike,1,Specialized,Aluminium,6860,7,Gut,2,23.2,6696,3,1600.0,119.89,1.0,0
VM-20580,E-Bike,1,Stromer,Aluminium,3610,2,Sehr gut,3,22.3,10901,3,1910.0,143.12,-6.0,1
VM-20581,Rennrad,0,BMC,Aluminium,3060,4,Sehr gut,3,9.3,,6,2130.0,159.6,13.0,0
VM-20582,Gravel,0,BMC,Carbon,3170,4,Akzeptabel,1,9.7,,6,1590.0,119.14,13.0,0
VM-20583,Gravel,0,Canyon,Aluminium,2640,6,Sehr gut,3,9.2,,5,1510.0,113.15,5.0,0
VM-20584,Rennrad,0,Canyon,Aluminium,2840,5,Gut,2,9.8,,8,1300.0,97.41,-6.0,1
VM-20585,Mountainbike,0,Scott,Carbon,4610,1,Gut,2,10.3,,5,3180.0,238.28,-1.0,1
VM-20586,Mountainbike,0,Canyon,Aluminium,2100,1,Sehr gut,3,12.7,,8,1650.0,123.64,-2.0,1
VM-20587,Mountainbike,0,Canyon,Aluminium,3820,1,Wie neu,4,12.0,,7,3720.0,278.74,9.0,0
VM-20588,Rennrad,0,Scott,Aluminium,2300,3,Sehr gut,3,9.7,,2,1690.0,126.63,8.0,0
VM-20589,Mountainbike,0,Trek,Aluminium,1440,4,Gut,2,14.0,,6,860.0,64.44,22.0,0
VM-20590,Gravel,0,Cube,Carbon,2650,4,Gut,2,9.0,,6,1530.0,114.64,3.0,0
VM-20591,City,0,Villiger,Aluminium,730,1,Sehr gut,3,17.4,,10,620.0,46.46,1.0,1
VM-20592,Mountainbike,0,Cube,Aluminium,1570,6,Sehr gut,3,12.6,,6,610.0,45.71,-13.0,1
VM-20593,E-Bike,1,Flyer,Aluminium,6280,3,Gut,2,24.5,5267,9,2440.0,182.83,-13.0,1
VM-20594,Rennrad,0,Scott,Carbon,4290,4,Gut,2,6.6,,4,2600.0,194.82,13.0,0
VM-20595,E-Bike,1,Specialized,Aluminium,5970,9,Gut,2,25.7,12236,5,920.0,68.94,-0.0,0
VM-20596,Mountainbike,0,Canyon,Aluminium,1380,3,Sehr gut,3,14.4,,8,880.0,65.94,1.0,1
VM-20597,Mountainbike,0,Trek,Carbon,3130,7,Sehr gut,3,11.8,,9,1330.0,99.66,7.0,0
VM-20598,Rennrad,0,Scott,Aluminium,3750,8,Sehr gut,3,8.8,,7,1510.0,113.15,-5.0,1
VM-20599,City,0,Tour de Suisse,Aluminium,640,10,Gut,2,15.0,,9,200.0,14.99,-17.0,1
VM-20600,Mountainbike,0,Trek,Aluminium,1840,2,Sehr gut,3,12.1,,3,1110.0,83.17,-15.0,1
VM-20601,Rennrad,0,Specialized,Aluminium,2650,6,Sehr gut,3,7.6,,4,1310.0,98.16,-3.0,0
VM-20602,E-Bike,1,Specialized,Aluminium,4920,4,Gut,2,23.9,3574,3,1870.0,140.12,-2.0,0
VM-20603,Mountainbike,0,Trek,Aluminium,1240,6,Gut,2,12.8,,2,460.0,34.47,-4.0,1
VM-20604,Rennrad,0,Scott,Carbon,5600,5,Gut,2,7.2,,5,2600.0,194.82,-5.0,1
VM-20605,Mountainbike,0,Canyon,Carbon,3040,7,Gut,2,13.0,,5,1020.0,76.43,-3.0,0
VM-20606,City,0,Trek,Aluminium,1020,2,Sehr gut,3,15.6,,8,680.0,50.95,-14.0,1
VM-20607,Rennrad,0,Trek,Aluminium,2350,6,Gut,2,8.7,,9,990.0,74.18,-5.0,1
VM-20608,E-Bike,1,Stromer,Aluminium,5200,6,Gut,2,25.4,14787,1,1190.0,89.17,-5.0,1
VM-20609,E-Bike,1,Trek,Aluminium,2640,6,Gut,2,24.7,9191,8,690.0,51.7,-0.0,1
VM-20610,Mountainbike,0,Cube,Aluminium,1210,2,Wie neu,4,13.1,,9,1080.0,80.93,13.0,1
VM-20611,Rennrad,0,BMC,Carbon,6790,5,Gut,2,7.4,,3,3510.0,263.01,6.0,0
VM-20612,Gravel,0,Canyon,Aluminium,2630,2,Gut,2,8.6,,2,1640.0,122.89,-6.0,1
VM-20613,E-Bike,1,Flyer,Aluminium,4540,3,Gut,2,25.4,4902,5,2320.0,173.84,13.0,0
VM-20614,Gravel,0,Cube,Carbon,4890,2,Gut,2,8.5,,2,3450.0,258.51,7.0,0
VM-20615,City,0,Villiger,Stahl,790,4,Sehr gut,3,17.7,,10,510.0,38.21,-4.0,1
VM-20616,Mountainbike,0,Specialized,Aluminium,2030,3,Wie neu,4,12.9,,7,1360.0,101.91,-5.0,1
VM-20617,City,0,Villiger,Aluminium,1240,3,Akzeptabel,1,16.3,,9,510.0,38.21,-18.0,1
VM-20618,Gravel,0,Cube,Aluminium,1520,8,Gut,2,9.8,,8,510.0,38.21,-16.0,1
VM-20619,E-Bike,1,Cube,Aluminium,2860,6,Sehr gut,3,27.5,14745,4,720.0,53.95,-10.0,1
VM-20620,Mountainbike,0,Scott,Aluminium,2690,4,Gut,2,11.7,,10,1380.0,103.4,5.0,0
VM-20621,Mountainbike,0,Trek,Aluminium,1270,9,Sehr gut,3,13.4,,1,420.0,31.47,5.0,0
VM-20622,Mountainbike,0,Trek,Carbon,4760,3,Wie neu,4,12.6,,9,3210.0,240.53,-4.0,1
VM-20623,E-Bike,1,Stromer,Aluminium,4390,3,Sehr gut,3,27.3,674,1,2630.0,197.07,9.0,0
VM-20624,Rennrad,0,BMC,Aluminium,2470,3,Wie neu,4,8.6,,2,1640.0,122.89,-12.0,0
VM-20625,Mountainbike,0,Canyon,Aluminium,3250,7,Gut,2,13.0,,8,1000.0,74.93,-11.0,1
VM-20626,City,0,Cube,Stahl,1250,0,Gut,2,14.7,,6,980.0,73.43,1.0,0
VM-20627,Gravel,0,Canyon,Carbon,3070,6,Akzeptabel,1,7.3,,1,1040.0,77.93,-10.0,1
VM-20628,Gravel,0,Specialized,Carbon,4300,6,Gut,2,8.8,,9,1930.0,144.62,-5.0,1
VM-20629,E-Bike,1,Flyer,Aluminium,4190,7,Sehr gut,3,23.4,10200,5,980.0,73.43,-8.0,0
VM-20630,Rennrad,0,Scott,Aluminium,1550,1,Akzeptabel,1,9.8,,3,810.0,60.69,-7.0,0
VM-20631,E-Bike,1,Cube,Aluminium,7210,4,Gut,2,23.8,8933,2,2950.0,221.05,13.0,0
VM-20632,Gravel,0,Canyon,Aluminium,1380,4,Gut,2,9.7,,2,770.0,57.7,-0.0,0
VM-20633,Mountainbike,0,Canyon,Aluminium,4380,4,Sehr gut,3,13.1,,2,2480.0,185.83,0.0,0
VM-20634,Rennrad,0,Scott,Aluminium,2940,3,Gut,2,7.8,,5,1760.0,131.88,2.0,1
VM-20635,City,0,Tour de Suisse,Stahl,880,8,Sehr gut,3,14.4,,3,460.0,34.47,4.0,0
VM-20636,E-Bike,1,Flyer,Aluminium,5990,6,Gut,2,27.1,6544,6,1710.0,128.13,5.0,0
VM-20637,Rennrad,0,Specialized,Carbon,5870,3,Wie neu,4,6.4,,5,4480.0,335.69,1.0,1
VM-20638,E-Bike,1,Specialized,Aluminium,6920,8,Gut,2,26.8,11229,2,1370.0,102.65,8.0,0
VM-20639,City,0,Cube,Aluminium,1430,4,Gut,2,17.9,,8,1000.0,74.93,20.0,0
VM-20640,Gravel,0,Cube,Aluminium,1860,4,Wie neu,4,9.3,,8,1440.0,107.9,8.0,1
VM-20641,City,0,Trek,Stahl,1490,1,Sehr gut,3,15.0,,8,1030.0,77.18,-17.0,1
VM-20642,Mountainbike,0,Trek,Aluminium,920,3,Gut,2,15.5,,5,520.0,38.96,3.0,0
VM-20643,Mountainbike,0,Specialized,Aluminium,1790,4,Akzeptabel,1,12.9,,5,720.0,53.95,3.0,0
VM-20644,Mountainbike,0,Cube,Aluminium,1070,0,Gut,2,15.0,,7,860.0,64.44,3.0,0
VM-20645,E-Bike,1,Flyer,Aluminium,4160,7,Sehr gut,3,23.4,3943,8,990.0,74.18,-13.0,1
VM-20646,City,0,Villiger,Aluminium,1040,3,Akzeptabel,1,15.1,,6,590.0,44.21,14.0,0
VM-20647,Mountainbike,0,Scott,Aluminium,1030,6,Gut,2,14.5,,8,420.0,31.47,5.0,0
VM-20648,City,0,Tour de Suisse,Aluminium,1020,5,Gut,2,17.7,,9,690.0,51.7,25.0,0
VM-20649,City,0,Tour de Suisse,Stahl,540,9,Wie neu,4,17.6,,8,260.0,19.48,-7.0,1
VM-20650,E-Bike,1,Flyer,Aluminium,3610,10,Akzeptabel,1,22.0,27115,3,270.0,20.23,-9.0,1
VM-20651,City,0,Tour de Suisse,Aluminium,630,6,Sehr gut,3,14.9,,3,320.0,23.98,-13.0,1
VM-20652,City,0,Trek,Stahl,550,9,Sehr gut,3,15.8,,10,250.0,18.73,-3.0,1
VM-20653,Gravel,0,BMC,Aluminium,2230,3,Sehr gut,3,9.3,,7,1670.0,125.13,7.0,1
VM-20654,Mountainbike,0,Canyon,Carbon,1920,7,Gut,2,12.5,,3,690.0,51.7,4.0,0
VM-20655,E-Bike,1,Stromer,Aluminium,3410,3,Gut,2,26.4,9519,10,1530.0,114.64,6.0,0
VM-20656,Rennrad,0,Specialized,Aluminium,2590,7,Akzeptabel,1,8.7,,7,890.0,66.69,7.0,0
VM-20657,E-Bike,1,Flyer,Aluminium,6470,6,Gut,2,27.5,26768,8,1250.0,93.66,-3.0,1
VM-20658,Rennrad,0,Specialized,Carbon,5390,2,Gut,2,8.7,,9,3920.0,293.73,13.0,0
VM-20659,City,0,Cube,Stahl,1440,3,Sehr gut,3,17.3,,1,950.0,71.18,-9.0,1
VM-20660,Gravel,0,Canyon,Carbon,3490,5,Gut,2,9.6,,2,1870.0,140.12,4.0,0
VM-20661,Rennrad,0,Specialized,Carbon,4310,7,Akzeptabel,1,6.6,,8,1560.0,116.89,13.0,0
VM-20662,Rennrad,0,Scott,Carbon,3330,1,Wie neu,4,7.9,,7,3550.0,266.0,17.0,0
VM-20663,Rennrad,0,Trek,Aluminium,2070,10,Akzeptabel,1,8.9,,4,500.0,37.47,0.0,0
VM-20664,Mountainbike,0,Scott,Aluminium,5170,2,Gut,2,15.0,,4,3950.0,295.98,24.0,0
VM-20665,City,0,Cube,Aluminium,650,3,Wie neu,4,17.4,,1,570.0,42.71,9.0,0
VM-20666,Mountainbike,0,Specialized,Aluminium,1260,6,Wie neu,4,12.0,,2,730.0,54.7,17.0,0
VM-20667,Mountainbike,0,Trek,Carbon,4260,5,Sehr gut,3,10.7,,2,2530.0,189.57,18.0,0
VM-20668,E-Bike,1,Cube,Aluminium,3070,2,Sehr gut,3,22.3,970,7,1840.0,137.87,-7.0,1
VM-20669,Mountainbike,0,Scott,Carbon,5500,10,Sehr gut,3,11.1,,9,1270.0,95.16,-18.0,1
VM-20670,Gravel,0,BMC,Aluminium,1970,3,Sehr gut,3,10.4,,1,1160.0,86.92,-16.0,1
VM-20671,E-Bike,1,Specialized,Aluminium,4740,5,Sehr gut,3,25.2,13961,7,1320.0,98.91,-16.0,1
VM-20672,Gravel,0,Cube,Carbon,1810,2,Sehr gut,3,8.2,,4,1370.0,102.65,-1.0,1
VM-20673,Mountainbike,0,Cube,Carbon,3390,3,Akzeptabel,1,14.0,,10,1530.0,114.64,3.0,0
VM-20674,Mountainbike,0,Canyon,Carbon,3330,9,Gut,2,11.1,,6,960.0,71.93,5.0,0
VM-20675,E-Bike,1,Cube,Aluminium,3650,10,Sehr gut,3,21.9,2653,4,720.0,53.95,15.0,0
VM-20676,Mountainbike,0,Cube,Aluminium,3710,5,Gut,2,15.3,,7,1320.0,98.91,-18.0,1
VM-20677,Mountainbike,0,Specialized,Carbon,4300,5,Sehr gut,3,10.3,,5,1940.0,145.37,-10.0,1
VM-20678,Gravel,0,Canyon,Aluminium,2360,9,Wie neu,4,8.7,,6,1170.0,87.67,5.0,0
VM-20679,Rennrad,0,Scott,Carbon,3770,0,Sehr gut,3,8.1,,7,3650.0,273.5,8.0,0
VM-20680,City,0,Tour de Suisse,Aluminium,640,6,Akzeptabel,1,17.3,,4,230.0,17.23,-10.0,1
VM-20681,City,0,Villiger,Stahl,980,7,Sehr gut,3,16.4,,4,500.0,37.47,-6.0,1
VM-20682,Mountainbike,0,Specialized,Aluminium,1280,1,Sehr gut,3,11.8,,8,1030.0,77.18,0.0,1
VM-20683,Rennrad,0,Scott,Carbon,3570,7,Gut,2,8.3,,1,1210.0,90.67,-16.0,1
VM-20684,Mountainbike,0,Cube,Aluminium,1290,5,Gut,2,13.3,,3,610.0,45.71,9.0,0
VM-20685,E-Bike,1,Stromer,Aluminium,6340,7,Gut,2,21.9,11383,3,1360.0,101.91,-1.0,1
VM-20686,City,0,Villiger,Aluminium,660,8,Sehr gut,3,16.6,,4,260.0,19.48,-22.0,1
VM-20687,Gravel,0,Cube,Aluminium,2510,5,Sehr gut,3,8.9,,9,1790.0,134.13,20.0,0
VM-20688,Mountainbike,0,Cube,Aluminium,1270,0,Akzeptabel,1,13.2,,8,730.0,54.7,-7.0,1
VM-20689,E-Bike,1,Specialized,Aluminium,4720,5,Wie neu,4,21.7,20976,9,1650.0,123.64,5.0,1
VM-20690,Rennrad,0,Scott,Carbon,5340,7,Sehr gut,3,6.5,,10,2730.0,204.56,10.0,0
VM-20691,E-Bike,1,Cube,Aluminium,2670,7,Sehr gut,3,25.3,6531,2,790.0,59.2,11.0,0
VM-20692,E-Bike,1,Trek,Aluminium,7970,1,Sehr gut,3,21.7,1662,9,5850.0,438.34,-2.0,1
VM-20693,E-Bike,1,Specialized,Aluminium,5330,9,Gut,2,23.3,15230,9,730.0,54.7,-7.0,1
VM-20694,Rennrad,0,Specialized,Carbon,6500,9,Gut,2,8.0,,7,1890.0,141.62,-13.0,1
VM-20695,E-Bike,1,Flyer,Aluminium,7100,1,Gut,2,25.8,1489,1,5030.0,376.9,9.0,0
VM-20696,Mountainbike,0,Scott,Aluminium,4040,6,Gut,2,11.8,,3,1680.0,125.88,7.0,0
VM-20697,Rennrad,0,Scott,Aluminium,1700,9,Sehr gut,3,9.4,,4,710.0,53.2,8.0,1
VM-20698,City,0,Tour de Suisse,Aluminium,740,9,Gut,2,17.2,,3,320.0,23.98,7.0,0
VM-20699,Rennrad,0,Specialized,Carbon,4460,1,Wie neu,4,8.1,,5,4600.0,344.68,13.0,0
VM-20700,E-Bike,1,Stromer,Aluminium,3320,9,Sehr gut,3,26.2,3010,7,710.0,53.2,6.0,0
VM-20701,Rennrad,0,BMC,Aluminium,1790,5,Wie neu,4,9.1,,4,1150.0,86.17,3.0,0
VM-20702,Mountainbike,0,Canyon,Aluminium,2980,5,Sehr gut,3,13.8,,9,1590.0,119.14,6.0,0
VM-20703,Rennrad,0,Canyon,Carbon,4800,6,Sehr gut,3,6.5,,8,2560.0,191.82,4.0,0
VM-20704,Mountainbike,0,Specialized,Aluminium,1340,6,Wie neu,4,13.1,,2,550.0,41.21,-17.0,1
VM-20705,Mountainbike,0,Cube,Aluminium,1230,5,Sehr gut,3,12.5,,3,720.0,53.95,16.0,0
VM-20706,Mountainbike,0,Specialized,Aluminium,3280,9,Sehr gut,3,11.9,,2,1170.0,87.67,13.0,0
VM-20707,Mountainbike,0,Cube,Aluminium,1740,4,Wie neu,4,13.8,,3,1000.0,74.93,-8.0,1
VM-20708,Rennrad,0,Canyon,Aluminium,5030,0,Gut,2,9.7,,9,3730.0,279.49,-5.0,0
VM-20709,City,0,Villiger,Aluminium,880,6,Akzeptabel,1,15.0,,8,360.0,26.98,2.0,0
VM-20710,City,0,Villiger,Aluminium,720,1,Gut,2,16.9,,3,520.0,38.96,-0.0,1
VM-20711,Rennrad,0,Scott,Aluminium,1900,6,Gut,2,8.7,,3,950.0,71.18,13.0,0
VM-20712,Mountainbike,0,Scott,Aluminium,1400,5,Akzeptabel,1,15.3,,2,480.0,35.97,-1.0,0
VM-20713,E-Bike,1,Flyer,Aluminium,2760,5,Sehr gut,3,27.8,3494,2,1090.0,81.67,3.0,0
VM-20714,E-Bike,1,Flyer,Aluminium,4630,8,Akzeptabel,1,21.4,11983,9,800.0,59.94,19.0,0
VM-20715,City,0,Villiger,Stahl,990,10,Akzeptabel,1,14.5,,3,310.0,23.23,4.0,0
VM-20716,Mountainbike,0,Canyon,Aluminium,2920,8,Gut,2,14.6,,1,850.0,63.69,-5.0,0
VM-20717,City,0,Cube,Aluminium,700,8,Sehr gut,3,14.7,,1,350.0,26.23,-1.0,0
VM-20718,E-Bike,1,Specialized,Aluminium,3340,2,Gut,2,23.2,4475,7,1860.0,139.37,4.0,0
VM-20719,E-Bike,1,Cube,Aluminium,5600,2,Sehr gut,3,25.2,1628,7,3360.0,251.77,-6.0,1
VM-20720,Mountainbike,0,Trek,Carbon,3270,4,Akzeptabel,1,12.1,,7,1310.0,98.16,3.0,0
VM-20721,Gravel,0,Specialized,Aluminium,1340,0,Gut,2,9.3,,4,850.0,63.69,-19.0,1
VM-20722,City,0,Tour de Suisse,Aluminium,650,6,Sehr gut,3,15.1,,1,390.0,29.22,3.0,0
VM-20723,Gravel,0,Specialized,Carbon,4970,7,Gut,2,7.9,,7,2030.0,152.11,-6.0,1
VM-20724,Gravel,0,Canyon,Aluminium,2590,6,Gut,2,9.3,,4,1300.0,97.41,6.0,0
VM-20725,E-Bike,1,Specialized,Aluminium,4390,6,Wie neu,4,21.8,6815,6,1520.0,113.89,-0.0,1
VM-20726,E-Bike,1,Stromer,Aluminium,6810,4,Akzeptabel,1,26.7,4192,5,1960.0,146.86,-6.0,1
VM-20727,City,0,Cube,Aluminium,1280,7,Sehr gut,3,17.4,,7,710.0,53.2,2.0,1
VM-20728,Rennrad,0,BMC,Aluminium,1640,7,Wie neu,4,9.6,,9,960.0,71.93,13.0,0
VM-20729,Rennrad,0,Trek,Carbon,5800,2,Akzeptabel,1,8.5,,2,3290.0,246.52,10.0,0
VM-20730,Mountainbike,0,Specialized,Carbon,2220,10,Wie neu,4,10.4,,3,680.0,50.95,-2.0,1
VM-20731,Mountainbike,0,Scott,Aluminium,2090,7,Wie neu,4,11.5,,4,870.0,65.19,-6.0,0
VM-20732,Mountainbike,0,Canyon,Aluminium,1090,4,Sehr gut,3,13.5,,3,720.0,53.95,17.0,0
VM-20733,Rennrad,0,Scott,Aluminium,1590,8,Wie neu,4,8.9,,5,760.0,56.95,2.0,1
VM-20734,Rennrad,0,BMC,Aluminium,2780,4,Gut,2,9.7,,2,1340.0,100.41,-10.0,1
VM-20735,E-Bike,1,Trek,Aluminium,2650,2,Sehr gut,3,21.1,3153,1,1390.0,104.15,-16.0,1
VM-20736,E-Bike,1,Stromer,Aluminium,3130,5,Akzeptabel,1,21.2,1722,3,620.0,46.46,-26.0,1
VM-20737,Mountainbike,0,Canyon,Carbon,3810,6,Sehr gut,3,10.8,,4,1840.0,137.87,8.0,0
VM-20738,Rennrad,0,Trek,Aluminium,3430,5,Gut,2,7.8,,9,1420.0,106.4,-15.0,1
VM-20739,Mountainbike,0,Scott,Carbon,6090,3,Sehr gut,3,10.8,,4,3540.0,265.25,-8.0,0
VM-20740,Mountainbike,0,Scott,Carbon,5910,4,Gut,2,13.4,,1,3340.0,250.27,15.0,0
VM-20741,Rennrad,0,Scott,Aluminium,2630,1,Gut,2,8.4,,6,1820.0,136.37,-3.0,1
VM-20742,Rennrad,0,Trek,Aluminium,2340,3,Gut,2,9.3,,10,1090.0,81.67,-21.0,1
VM-20743,Rennrad,0,Trek,Aluminium,1990,2,Akzeptabel,1,8.0,,7,1040.0,77.93,2.0,0
VM-20744,City,0,Cube,Aluminium,1170,7,Sehr gut,3,17.7,,4,570.0,42.71,-10.0,1
VM-20745,Mountainbike,0,Specialized,Carbon,2080,0,Akzeptabel,1,12.1,,7,1170.0,87.67,-9.0,1
VM-20746,Gravel,0,Specialized,Aluminium,1950,6,Sehr gut,3,10.7,,7,1050.0,78.68,-1.0,1
VM-20747,E-Bike,1,Trek,Aluminium,4100,4,Gut,2,23.7,495,4,1980.0,148.36,19.0,0
VM-20748,Mountainbike,0,Specialized,Aluminium,970,6,Gut,2,14.7,,8,410.0,30.72,9.0,0
VM-20749,Mountainbike,0,Canyon,Aluminium,3080,1,Gut,2,14.9,,1,2020.0,151.36,-6.0,1
VM-20750,Mountainbike,0,Trek,Carbon,4280,10,Sehr gut,3,12.1,,2,1290.0,96.66,7.0,0
VM-20751,City,0,Trek,Stahl,770,8,Akzeptabel,1,14.1,,3,280.0,20.98,5.0,0
VM-20752,Rennrad,0,Trek,Aluminium,3410,4,Gut,2,8.0,,6,1580.0,118.39,-13.0,1
VM-20753,Rennrad,0,BMC,Carbon,3290,3,Sehr gut,3,7.5,,10,1900.0,142.37,-15.0,1
VM-20754,Gravel,0,Specialized,Carbon,3860,1,Gut,2,8.2,,9,3000.0,224.79,8.0,0
VM-20755,Gravel,0,Canyon,Carbon,2990,8,Gut,2,7.4,,10,1340.0,100.41,12.0,0
VM-20756,E-Bike,1,Cube,Aluminium,5120,8,Gut,2,23.7,6781,10,1030.0,77.18,3.0,1
VM-20757,City,0,Tour de Suisse,Aluminium,560,9,Gut,2,15.0,,8,230.0,17.23,1.0,0
VM-20758,Gravel,0,Specialized,Carbon,3970,0,Akzeptabel,1,9.3,,3,3070.0,230.04,25.0,0
VM-20759,City,0,Tour de Suisse,Stahl,510,2,Sehr gut,3,16.9,,8,460.0,34.47,16.0,0
VM-20760,Mountainbike,0,Trek,Carbon,1940,5,Sehr gut,3,13.7,,4,870.0,65.19,-11.0,1
VM-20761,E-Bike,1,Trek,Aluminium,5770,9,Wie neu,4,27.5,11605,7,1090.0,81.67,-5.0,1
VM-20762,Mountainbike,0,Cube,Carbon,6070,5,Gut,2,12.3,,1,2420.0,181.33,-8.0,1
VM-20763,City,0,Trek,Aluminium,1270,2,Wie neu,4,16.8,,2,1220.0,91.42,11.0,0
VM-20764,City,0,Cube,Aluminium,870,4,Sehr gut,3,16.8,,4,440.0,32.97,-25.0,1
VM-20765,E-Bike,1,Flyer,Aluminium,2840,2,Wie neu,4,25.2,11489,6,1630.0,122.14,-8.0,1
VM-20766,Gravel,0,BMC,Carbon,3480,3,Gut,2,8.4,,9,2360.0,176.84,12.0,0
VM-20767,E-Bike,1,Specialized,Aluminium,6960,3,Sehr gut,3,24.2,9095,10,3340.0,250.27,-3.0,1
VM-20768,City,0,Trek,Stahl,800,3,Wie neu,4,16.0,,5,650.0,48.7,1.0,1
VM-20769,Mountainbike,0,Trek,Aluminium,3190,8,Gut,2,12.0,,3,900.0,67.44,-8.0,1
VM-20770,Gravel,0,BMC,Aluminium,3270,10,Sehr gut,3,8.6,,3,1310.0,98.16,2.0,0
VM-20771,Mountainbike,0,Scott,Carbon,5080,7,Wie neu,4,12.2,,8,2170.0,162.6,-3.0,1
VM-20772,Rennrad,0,BMC,Carbon,5800,10,Gut,2,6.6,,7,1740.0,130.38,-1.0,1
VM-20773,Mountainbike,0,Scott,Aluminium,1170,8,Gut,2,14.5,,9,310.0,23.23,-14.0,1
VM-20774,Rennrad,0,Specialized,Carbon,2070,2,Sehr gut,3,7.6,,3,1770.0,132.63,15.0,0
VM-20775,City,0,Trek,Stahl,630,4,Wie neu,4,17.0,,2,440.0,32.97,-7.0,1
VM-20776,Gravel,0,Canyon,Aluminium,1600,3,Sehr gut,3,10.2,,8,1180.0,88.42,5.0,0
VM-20777,Rennrad,0,BMC,Aluminium,1550,4,Gut,2,8.5,,5,810.0,60.69,-2.0,1
VM-20778,Rennrad,0,Trek,Carbon,6160,5,Gut,2,7.3,,6,3590.0,269.0,20.0,0
VM-20779,Gravel,0,BMC,Carbon,4400,2,Gut,2,9.3,,5,2520.0,188.83,-13.0,1
VM-20780,City,0,Trek,Stahl,1150,5,Gut,2,15.1,,8,590.0,44.21,-5.0,1
VM-20781,Gravel,0,BMC,Carbon,3370,2,Sehr gut,3,9.1,,3,2370.0,177.59,-8.0,0
VM-20782,Gravel,0,Specialized,Carbon,4070,10,Wie neu,4,9.1,,7,1700.0,127.38,-4.0,1
VM-20783,E-Bike,1,Specialized,Aluminium,4840,0,Sehr gut,3,21.8,2234,8,5250.0,393.39,24.0,0
VM-20784,Gravel,0,Canyon,Carbon,4140,9,Gut,2,9.7,,1,1440.0,107.9,-6.0,1
VM-20785,E-Bike,1,Flyer,Aluminium,3390,8,Gut,2,25.7,27956,5,470.0,35.22,-2.0,0
VM-20786,Mountainbike,0,Specialized,Aluminium,2870,5,Wie neu,4,12.8,,1,1560.0,116.89,-3.0,1
VM-20787,E-Bike,1,Flyer,Aluminium,2640,5,Sehr gut,3,25.1,6078,2,980.0,73.43,0.0,0
VM-20788,Gravel,0,Canyon,Aluminium,3410,3,Wie neu,4,9.0,,1,2880.0,215.8,8.0,0
VM-20789,Mountainbike,0,Trek,Aluminium,1770,0,Sehr gut,3,12.7,,3,1500.0,112.4,-6.0,1
VM-20790,E-Bike,1,Trek,Aluminium,5670,4,Gut,2,21.4,22851,8,1700.0,127.38,1.0,1
VM-20791,E-Bike,1,Stromer,Aluminium,3330,5,Gut,2,27.5,5331,8,1170.0,87.67,8.0,0
VM-20792,Mountainbike,0,Scott,Carbon,4960,1,Gut,2,13.7,,9,3420.0,256.26,-1.0,0
VM-20793,Rennrad,0,BMC,Carbon,5780,3,Akzeptabel,1,7.4,,5,2410.0,180.58,-11.0,1
VM-20794,City,0,Trek,Aluminium,940,9,Sehr gut,3,16.5,,7,420.0,31.47,-5.0,0
VM-20795,City,0,Tour de Suisse,Aluminium,800,7,Wie neu,4,15.8,,9,460.0,34.47,-4.0,1
VM-20796,City,0,Trek,Stahl,1140,3,Akzeptabel,1,15.9,,9,610.0,45.71,7.0,0
VM-20797,Gravel,0,Cube,Aluminium,1720,8,Wie neu,4,9.6,,3,740.0,55.45,-16.0,1
VM-20798,Mountainbike,0,Cube,Aluminium,1080,1,Gut,2,11.6,,8,770.0,57.7,3.0,1
VM-20799,Rennrad,0,BMC,Carbon,5690,0,Sehr gut,3,6.6,,6,5070.0,379.9,-1.0,0
VM-20800,Rennrad,0,BMC,Carbon,6840,8,Gut,2,7.3,,9,2600.0,194.82,4.0,1
VM-20801,Mountainbike,0,Trek,Aluminium,910,9,Sehr gut,3,11.6,,3,320.0,23.98,12.0,0
VM-20802,City,0,Tour de Suisse,Stahl,1050,5,Sehr gut,3,17.5,,2,670.0,50.2,2.0,0
VM-20803,City,0,Villiger,Aluminium,1200,8,Gut,2,14.1,,7,480.0,35.97,-8.0,1
VM-20804,Rennrad,0,Canyon,Carbon,1680,3,Sehr gut,3,8.6,,7,1380.0,103.4,21.0,0
VM-20805,Gravel,0,Canyon,Carbon,2520,10,Sehr gut,3,8.8,,4,940.0,70.43,-5.0,1
VM-20806,E-Bike,1,Trek,Aluminium,2930,3,Sehr gut,3,26.9,6959,9,1700.0,127.38,15.0,0
VM-20807,Mountainbike,0,Cube,Aluminium,1700,6,Gut,2,13.2,,9,610.0,45.71,-7.0,1
VM-20808,Rennrad,0,Trek,Aluminium,3030,5,Sehr gut,3,9.7,,4,1500.0,112.4,-12.0,1
VM-20809,E-Bike,1,Flyer,Aluminium,7010,4,Sehr gut,3,24.9,9553,5,3290.0,246.52,13.0,0
VM-20810,Mountainbike,0,Scott,Carbon,1770,5,Gut,2,13.2,,10,920.0,68.94,19.0,0
VM-20811,Rennrad,0,Specialized,Aluminium,3040,5,Sehr gut,3,7.9,,2,1830.0,137.12,7.0,0
VM-20812,E-Bike,1,Stromer,Aluminium,3590,6,Wie neu,4,25.4,8536,4,1180.0,88.42,-3.0,1
VM-20813,Mountainbike,0,Specialized,Aluminium,1160,0,Gut,2,13.1,,6,900.0,67.44,-1.0,1
VM-20814,E-Bike,1,Flyer,Aluminium,4700,8,Akzeptabel,1,27.0,4371,8,660.0,49.45,-12.0,1
VM-20815,Mountainbike,0,Trek,Carbon,2940,0,Akzeptabel,1,10.5,,7,1500.0,112.4,-18.0,1
VM-20816,Gravel,0,Canyon,Aluminium,2300,3,Sehr gut,3,8.5,,5,1550.0,116.14,-4.0,1
VM-20817,Rennrad,0,BMC,Aluminium,5130,2,Akzeptabel,1,8.5,,10,3010.0,225.54,14.0,0
VM-20818,City,0,Cube,Aluminium,710,4,Sehr gut,3,17.3,,4,460.0,34.47,-4.0,1
VM-20819,City,0,Cube,Aluminium,830,4,Gut,2,16.1,,4,450.0,33.72,-7.0,1
VM-20820,City,0,Cube,Aluminium,760,1,Sehr gut,3,16.5,,5,630.0,47.21,-1.0,1
VM-20821,City,0,Cube,Aluminium,1150,3,Sehr gut,3,15.5,,7,770.0,57.7,-8.0,1
VM-20822,Gravel,0,Canyon,Carbon,3610,2,Gut,2,8.7,,5,2270.0,170.09,-5.0,1
VM-20823,Mountainbike,0,Canyon,Carbon,5180,10,Gut,2,12.4,,2,1340.0,100.41,6.0,0
VM-20824,Mountainbike,0,Specialized,Carbon,1760,2,Sehr gut,3,12.3,,2,1130.0,84.67,-10.0,1
VM-20825,E-Bike,1,Specialized,Aluminium,5380,4,Akzeptabel,1,27.6,15341,9,1390.0,104.15,-2.0,1
VM-20826,City,0,Trek,Aluminium,1130,3,Wie neu,4,16.5,,2,880.0,65.94,-3.0,1
VM-20827,Rennrad,0,Specialized,Aluminium,4000,7,Wie neu,4,9.7,,4,1720.0,128.88,-17.0,1
VM-20828,City,0,Trek,Stahl,550,2,Wie neu,4,15.7,,4,510.0,38.21,7.0,0
VM-20829,City,0,Cube,Stahl,780,2,Gut,2,15.3,,2,620.0,46.46,18.0,0
VM-20830,Mountainbike,0,Canyon,Carbon,5390,5,Gut,2,11.6,,1,2270.0,170.09,-3.0,0
VM-20831,City,0,Tour de Suisse,Aluminium,930,4,Gut,2,16.3,,6,490.0,36.72,-10.0,0
VM-20832,Rennrad,0,Specialized,Aluminium,2490,1,Sehr gut,3,7.8,,9,2080.0,155.86,2.0,1
VM-20833,E-Bike,1,Trek,Aluminium,7610,3,Sehr gut,3,24.0,4822,1,4480.0,335.69,13.0,0
VM-20834,Mountainbike,0,Scott,Aluminium,1220,0,Sehr gut,3,15.2,,4,910.0,68.19,-17.0,1
VM-20835,Gravel,0,Cube,Carbon,3240,8,Sehr gut,3,8.5,,10,1670.0,125.13,12.0,0
VM-20836,Mountainbike,0,Cube,Aluminium,3940,7,Sehr gut,3,14.2,,4,1550.0,116.14,-1.0,1
VM-20837,City,0,Villiger,Aluminium,680,8,Gut,2,17.0,,4,290.0,21.73,-2.0,1
VM-20838,Rennrad,0,Scott,Aluminium,2240,10,Gut,2,8.3,,6,810.0,60.69,19.0,0
VM-20839,City,0,Tour de Suisse,Aluminium,1010,5,Akzeptabel,1,17.6,,8,430.0,32.22,-1.0,0
VM-20840,Gravel,0,Cube,Aluminium,2630,7,Sehr gut,3,9.5,,8,1490.0,111.65,13.0,1
VM-20841,E-Bike,1,Trek,Aluminium,5000,1,Sehr gut,3,27.8,922,6,3630.0,272.0,-4.0,1
VM-20842,Mountainbike,0,Cube,Carbon,5430,5,Gut,2,11.0,,6,2460.0,184.33,4.0,0
VM-20843,Gravel,0,Cube,Aluminium,1540,7,Gut,2,9.9,,10,790.0,59.2,18.0,0
VM-20844,Gravel,0,Specialized,Aluminium,1250,7,Sehr gut,3,9.0,,10,580.0,43.46,-8.0,1
VM-20845,Mountainbike,0,Scott,Carbon,4100,5,Akzeptabel,1,12.8,,1,1430.0,107.15,1.0,0
VM-20846,Rennrad,0,BMC,Aluminium,2230,8,Wie neu,4,8.8,,4,1180.0,88.42,13.0,0
VM-20847,E-Bike,1,Trek,Aluminium,5930,9,Sehr gut,3,26.2,9932,9,1200.0,89.92,10.0,0
VM-20848,Rennrad,0,Canyon,Aluminium,1500,10,Akzeptabel,1,7.7,,3,440.0,32.97,21.0,0
VM-20849,E-Bike,1,Stromer,Aluminium,3900,0,Sehr gut,3,21.2,3517,3,4140.0,310.21,23.0,0
VM-20850,City,0,Villiger,Stahl,1340,2,Gut,2,14.9,,7,950.0,71.18,5.0,0
VM-20851,Rennrad,0,Specialized,Aluminium,4680,6,Gut,2,9.8,,10,2110.0,158.1,2.0,1
VM-20852,E-Bike,1,Trek,Aluminium,3900,5,Gut,2,23.3,2377,5,1190.0,89.17,-9.0,1
VM-20853,Rennrad,0,Scott,Aluminium,2710,5,Gut,2,7.9,,1,1290.0,96.66,-2.0,0
VM-20854,Mountainbike,0,Specialized,Aluminium,1020,7,Wie neu,4,14.7,,8,390.0,29.22,-14.0,1
VM-20855,City,0,Tour de Suisse,Aluminium,630,8,Sehr gut,3,16.1,,10,270.0,20.23,-15.0,1
VM-20856,Rennrad,0,Canyon,Carbon,6540,8,Gut,2,8.4,,8,2410.0,180.58,0.0,0
VM-20857,City,0,Tour de Suisse,Stahl,670,4,Sehr gut,3,15.3,,8,410.0,30.72,-9.0,1
VM-20858,City,0,Trek,Aluminium,670,2,Akzeptabel,1,15.3,,3,400.0,29.97,11.0,0
VM-20859,Gravel,0,Canyon,Aluminium,1310,6,Sehr gut,3,8.6,,2,780.0,58.45,9.0,0
VM-20860,E-Bike,1,Trek,Aluminium,4930,5,Sehr gut,3,25.8,6293,3,1660.0,124.38,-9.0,0
VM-20861,City,0,Trek,Stahl,780,8,Gut,2,17.8,,4,400.0,29.97,17.0,0
VM-20862,Gravel,0,Specialized,Carbon,4040,6,Gut,2,8.4,,4,1840.0,137.87,-4.0,0
VM-20863,City,0,Cube,Stahl,580,2,Gut,2,16.8,,8,460.0,34.47,18.0,0
VM-20864,Rennrad,0,Trek,Carbon,5570,7,Sehr gut,3,7.1,,6,2280.0,170.84,-12.0,1
VM-20865,City,0,Tour de Suisse,Aluminium,1500,7,Wie neu,4,17.2,,2,1080.0,80.93,20.0,0
VM-20866,Rennrad,0,Trek,Aluminium,3700,8,Wie neu,4,8.9,,8,1620.0,121.39,-7.0,1
VM-20867,Rennrad,0,Scott,Carbon,3420,5,Sehr gut,3,7.6,,4,1860.0,139.37,-3.0,0
VM-20868,Rennrad,0,Trek,Aluminium,1790,3,Gut,2,9.8,,7,970.0,72.68,-8.0,1
VM-20869,Mountainbike,0,Trek,Aluminium,1030,3,Gut,2,12.5,,6,540.0,40.46,-5.0,0
VM-20870,Mountainbike,0,Trek,Aluminium,2690,10,Gut,2,14.7,,8,660.0,49.45,1.0,0
VM-20871,City,0,Villiger,Aluminium,750,10,Sehr gut,3,14.0,,6,330.0,24.73,1.0,0
VM-20872,Rennrad,0,BMC,Aluminium,1960,7,Sehr gut,3,8.8,,9,800.0,59.94,-12.0,1
VM-20873,Rennrad,0,Specialized,Aluminium,4350,2,Gut,2,8.2,,6,3510.0,263.01,25.0,0
VM-20874,Rennrad,0,Scott,Carbon,4140,3,Gut,2,6.4,,4,2950.0,221.05,21.0,0
VM-20875,Mountainbike,0,Cube,Aluminium,1330,7,Gut,2,13.9,,5,460.0,34.47,0.0,0
VM-20876,E-Bike,1,Stromer,Aluminium,4850,7,Sehr gut,3,23.0,18504,2,1080.0,80.93,-1.0,0
VM-20877,E-Bike,1,Flyer,Aluminium,5030,5,Wie neu,4,24.7,511,5,2140.0,160.35,-4.0,1
VM-20878,E-Bike,1,Stromer,Aluminium,5720,9,Sehr gut,3,21.4,22012,1,810.0,60.69,-8.0,1
VM-20879,Mountainbike,0,Cube,Aluminium,3120,8,Wie neu,4,12.9,,3,1270.0,95.16,3.0,1
VM-20880,City,0,Cube,Aluminium,1150,6,Sehr gut,3,16.6,,1,710.0,53.2,6.0,0
VM-20881,Rennrad,0,Scott,Aluminium,1840,8,Akzeptabel,1,9.8,,2,480.0,35.97,-11.0,1
VM-20882,Mountainbike,0,Specialized,Aluminium,1530,6,Wie neu,4,12.1,,1,730.0,54.7,-4.0,1
VM-20883,E-Bike,1,Stromer,Aluminium,5280,6,Wie neu,4,24.2,12373,1,1550.0,116.14,-9.0,1
VM-20884,E-Bike,1,Cube,Aluminium,2900,4,Gut,2,23.8,4635,2,1020.0,76.43,-9.0,1
VM-20885,E-Bike,1,Trek,Aluminium,7730,3,Akzeptabel,1,24.2,9411,8,2490.0,186.58,-5.0,1
VM-20886,Mountainbike,0,Scott,Carbon,6100,4,Gut,2,11.4,,4,3030.0,227.04,1.0,0
VM-20887,City,0,Cube,Aluminium,770,4,Gut,2,16.6,,6,460.0,34.47,2.0,0
VM-20888,Mountainbike,0,Scott,Carbon,5110,5,Gut,2,11.6,,3,2710.0,203.06,22.0,0
VM-20889,Rennrad,0,Scott,Aluminium,1590,5,Sehr gut,3,9.9,,8,880.0,65.94,-1.0,1
VM-20890,Rennrad,0,BMC,Aluminium,2300,7,Wie neu,4,8.7,,2,1270.0,95.16,7.0,0
VM-20891,Rennrad,0,Scott,Aluminium,1950,9,Gut,2,9.8,,6,590.0,44.21,-9.0,0
VM-20892,E-Bike,1,Specialized,Aluminium,4730,1,Wie neu,4,22.0,4825,4,4020.0,301.22,6.0,0
VM-20893,E-Bike,1,Trek,Aluminium,2690,7,Sehr gut,3,21.8,9967,3,600.0,44.96,-12.0,1
VM-20894,Rennrad,0,Canyon,Aluminium,2090,9,Gut,2,9.6,,10,630.0,47.21,-10.0,1
VM-20895,City,0,Cube,Stahl,900,5,Sehr gut,3,15.3,,10,570.0,42.71,1.0,1
VM-20896,Gravel,0,BMC,Carbon,2780,7,Akzeptabel,1,9.2,,7,890.0,66.69,-7.0,1
VM-20897,E-Bike,1,Specialized,Aluminium,3180,4,Akzeptabel,1,27.1,13044,5,910.0,68.19,5.0,1
VM-20898,City,0,Villiger,Aluminium,610,5,Wie neu,4,14.6,,7,380.0,28.47,-10.0,1
VM-20899,City,0,Tour de Suisse,Stahl,580,1,Gut,2,15.7,,10,490.0,36.72,16.0,0
VM-20900,E-Bike,1,Cube,Aluminium,6480,2,Akzeptabel,1,26.0,5224,3,2910.0,218.05,7.0,0
VM-20901,Mountainbike,0,Cube,Aluminium,2060,5,Sehr gut,3,15.3,,2,970.0,72.68,-6.0,1
VM-20902,City,0,Villiger,Aluminium,850,9,Wie neu,4,14.2,,3,440.0,32.97,-1.0,1
VM-20903,Rennrad,0,Trek,Carbon,5000,8,Gut,2,6.7,,4,1670.0,125.13,-9.0,1
VM-20904,Gravel,0,Specialized,Carbon,2380,9,Sehr gut,3,8.4,,8,1020.0,76.43,1.0,1
VM-20905,Mountainbike,0,Scott,Carbon,4290,2,Akzeptabel,1,10.4,,10,1730.0,129.63,-18.0,1
VM-20906,City,0,Tour de Suisse,Aluminium,560,3,Sehr gut,3,17.0,,1,410.0,30.72,1.0,1
VM-20907,Gravel,0,BMC,Carbon,3410,5,Sehr gut,3,8.4,,9,1790.0,134.13,-12.0,1
VM-20908,City,0,Trek,Aluminium,950,1,Sehr gut,3,16.2,,6,900.0,67.44,13.0,0
VM-20909,E-Bike,1,Flyer,Aluminium,5470,0,Akzeptabel,1,23.5,4461,2,3040.0,227.79,-5.0,0
VM-20910,Mountainbike,0,Trek,Aluminium,4210,2,Akzeptabel,1,13.0,,4,2380.0,178.33,15.0,0
VM-20911,Rennrad,0,BMC,Aluminium,2510,8,Gut,2,8.8,,10,940.0,70.43,2.0,0
VM-20912,Mountainbike,0,Trek,Aluminium,3240,3,Sehr gut,3,13.7,,2,1950.0,146.11,-5.0,1
VM-20913,Rennrad,0,Specialized,Carbon,5860,2,Sehr gut,3,7.0,,3,4710.0,352.92,8.0,0
VM-20914,Mountainbike,0,Specialized,Aluminium,4870,3,Gut,2,15.2,,3,2310.0,173.09,-14.0,1
VM-20915,E-Bike,1,Flyer,Aluminium,2610,9,Wie neu,4,25.4,10559,4,540.0,40.46,2.0,1
VM-20916,Rennrad,0,BMC,Carbon,6800,0,Gut,2,6.4,,2,5310.0,397.88,0.0,0
VM-20917,E-Bike,1,Specialized,Aluminium,4760,2,Wie neu,4,23.6,902,10,4630.0,346.93,36.0,0
VM-20918,E-Bike,1,Stromer,Aluminium,6420,9,Gut,2,25.3,5364,10,1200.0,89.92,11.0,0
VM-20919,E-Bike,1,Specialized,Aluminium,4540,9,Wie neu,4,25.0,14104,9,930.0,69.69,6.0,1
VM-20920,City,0,Villiger,Aluminium,1130,4,Sehr gut,3,15.7,,7,700.0,52.45,-8.0,1
VM-20921,City,0,Tour de Suisse,Aluminium,1260,1,Gut,2,17.0,,1,840.0,62.94,-8.0,1
VM-20922,E-Bike,1,Flyer,Aluminium,7140,8,Sehr gut,3,21.3,22783,2,1460.0,109.4,15.0,0
VM-20923,Rennrad,0,Specialized,Aluminium,3230,4,Akzeptabel,1,8.9,,4,1430.0,107.15,4.0,0
VM-20924,City,0,Villiger,Stahl,1070,4,Gut,2,14.3,,9,570.0,42.71,-9.0,1
VM-20925,Mountainbike,0,Specialized,Carbon,2560,7,Sehr gut,3,11.2,,2,1040.0,77.93,2.0,1
VM-20926,Gravel,0,Cube,Aluminium,2190,9,Gut,2,10.1,,8,620.0,46.46,-23.0,1
VM-20927,Mountainbike,0,Trek,Aluminium,3140,2,Wie neu,4,15.5,,5,2620.0,196.32,5.0,1
VM-20928,Gravel,0,BMC,Aluminium,1750,10,Wie neu,4,10.8,,5,670.0,50.2,-12.0,1
VM-20929,E-Bike,1,Cube,Aluminium,2570,5,Sehr gut,3,26.8,621,5,1010.0,75.68,-1.0,1
VM-20930,Mountainbike,0,Cube,Aluminium,1470,8,Akzeptabel,1,12.8,,2,310.0,23.23,-14.0,1
VM-20931,Gravel,0,BMC,Aluminium,2640,5,Gut,2,9.6,,4,1150.0,86.17,-15.0,1
VM-20932,City,0,Cube,Aluminium,810,2,Gut,2,15.7,,6,570.0,42.71,4.0,0
VM-20933,E-Bike,1,Trek,Aluminium,6120,2,Wie neu,4,24.1,5225,4,5840.0,437.59,41.0,0
VM-20934,Rennrad,0,Canyon,Aluminium,2260,6,Gut,2,7.9,,3,860.0,64.44,-14.0,1
VM-20935,E-Bike,1,Cube,Aluminium,3970,4,Akzeptabel,1,26.2,10051,9,1220.0,91.42,8.0,0
VM-20936,E-Bike,1,Specialized,Aluminium,6240,5,Sehr gut,3,25.1,9944,3,2010.0,150.61,-8.0,0
VM-20937,E-Bike,1,Trek,Aluminium,6710,9,Gut,2,24.0,17925,4,1020.0,76.43,7.0,0
VM-20938,E-Bike,1,Trek,Aluminium,3360,6,Akzeptabel,1,23.0,20779,7,660.0,49.45,12.0,0
VM-20939,Rennrad,0,BMC,Aluminium,1730,6,Gut,2,9.9,,9,670.0,50.2,-13.0,1
VM-20940,Mountainbike,0,Cube,Aluminium,3640,5,Gut,2,12.7,,10,1580.0,118.39,-0.0,1
VM-20941,City,0,Trek,Aluminium,1270,7,Sehr gut,3,15.0,,5,650.0,48.7,-5.0,1
VM-20942,City,0,Villiger,Stahl,1120,4,Gut,2,17.5,,9,740.0,55.45,13.0,0
VM-20943,Mountainbike,0,Cube,Carbon,2340,7,Gut,2,13.0,,1,880.0,65.94,9.0,0
VM-20944,Rennrad,0,Trek,Aluminium,3720,5,Gut,2,8.1,,7,1770.0,132.63,-2.0,1
VM-20945,E-Bike,1,Trek,Aluminium,4250,5,Gut,2,25.5,7088,8,1450.0,108.65,8.0,0
VM-20946,Rennrad,0,Trek,Carbon,5180,6,Akzeptabel,1,8.7,,7,2090.0,156.6,15.0,0
VM-20947,Mountainbike,0,Canyon,Aluminium,1510,3,Wie neu,4,14.5,,1,1060.0,79.43,-0.0,1
VM-20948,City,0,Tour de Suisse,Stahl,560,3,Gut,2,16.0,,6,390.0,29.22,11.0,0
VM-20949,E-Bike,1,Stromer,Aluminium,4920,3,Sehr gut,3,24.4,9512,8,2470.0,185.08,3.0,1
VM-20950,City,0,Trek,Stahl,520,7,Sehr gut,3,16.0,,2,280.0,20.98,-1.0,1
VM-20951,City,0,Trek,Stahl,1070,3,Akzeptabel,1,14.2,,2,490.0,36.72,-8.0,1
VM-20952,City,0,Villiger,Aluminium,1170,3,Akzeptabel,1,17.8,,8,510.0,38.21,-13.0,1
VM-20953,Rennrad,0,BMC,Aluminium,2610,7,Sehr gut,3,8.0,,10,1150.0,86.17,-5.0,1
VM-20954,Rennrad,0,Scott,Aluminium,1890,5,Akzeptabel,1,9.1,,4,690.0,51.7,-6.0,0
VM-20955,Mountainbike,0,Cube,Aluminium,3090,10,Gut,2,14.2,,9,870.0,65.19,16.0,0
VM-20956,Gravel,0,Cube,Aluminium,2010,4,Wie neu,4,8.9,,10,1390.0,104.15,-3.0,1
VM-20957,E-Bike,1,Stromer,Aluminium,2650,4,Sehr gut,3,27.5,5572,9,1040.0,77.93,-10.0,1
VM-20958,Rennrad,0,Canyon,Aluminium,1990,6,Gut,2,7.5,,1,940.0,70.43,7.0,0
VM-20959,Rennrad,0,Scott,Carbon,3920,2,Gut,2,6.8,,2,2230.0,167.1,-12.0,0
VM-20960,Mountainbike,0,Cube,Aluminium,3510,3,Wie neu,4,13.9,,3,2400.0,179.83,-3.0,0
VM-20961,E-Bike,1,Cube,Aluminium,5360,9,Akzeptabel,1,25.3,7387,3,820.0,61.44,17.0,0
VM-20962,Rennrad,0,Specialized,Carbon,6390,6,Sehr gut,3,6.9,,9,3180.0,238.28,-3.0,1
VM-20963,Gravel,0,BMC,Carbon,4030,6,Gut,2,7.4,,1,1960.0,146.86,3.0,0
VM-20964,City,0,Cube,Aluminium,1340,9,Gut,2,17.8,,9,520.0,38.96,-4.0,1
VM-20965,E-Bike,1,Flyer,Aluminium,7750,2,Wie neu,4,26.4,1264,1,5000.0,374.65,-9.0,1
VM-20966,E-Bike,1,Stromer,Aluminium,2670,1,Sehr gut,3,23.4,724,9,1760.0,131.88,-13.0,1
VM-20967,Mountainbike,0,Specialized,Aluminium,950,5,Sehr gut,3,14.3,,6,450.0,33.72,-6.0,1
VM-20968,E-Bike,1,Flyer,Aluminium,5770,3,Akzeptabel,1,25.7,9933,4,2300.0,172.34,19.0,0
VM-20969,City,0,Villiger,Stahl,620,4,Gut,2,17.8,,4,460.0,34.47,27.0,0
VM-20970,City,0,Tour de Suisse,Aluminium,1440,3,Sehr gut,3,16.4,,1,1020.0,76.43,-2.0,0
VM-20971,E-Bike,1,Trek,Aluminium,4120,1,Wie neu,4,24.4,4044,5,2830.0,212.05,-15.0,1
VM-20972,E-Bike,1,Trek,Aluminium,3190,10,Sehr gut,3,26.0,6954,10,520.0,38.96,0.0,0
VM-20973,City,0,Cube,Aluminium,1400,3,Sehr gut,3,16.3,,7,1010.0,75.68,-0.0,1
VM-20974,Mountainbike,0,Cube,Aluminium,2640,2,Gut,2,15.3,,2,1530.0,114.64,-6.0,0
VM-20975,E-Bike,1,Trek,Aluminium,4100,2,Gut,2,24.7,2356,3,2260.0,169.34,1.0,0
VM-20976,E-Bike,1,Trek,Aluminium,7900,6,Akzeptabel,1,22.5,13284,10,1470.0,110.15,-5.0,1
VM-20977,Rennrad,0,BMC,Carbon,3060,1,Gut,2,7.1,,1,2720.0,203.81,25.0,0
VM-20978,E-Bike,1,Stromer,Aluminium,2740,4,Wie neu,4,24.7,9340,8,1120.0,83.92,-12.0,1
VM-20979,City,0,Villiger,Stahl,510,6,Sehr gut,3,17.4,,3,280.0,20.98,-6.0,1
VM-20980,E-Bike,1,Flyer,Aluminium,5830,9,Sehr gut,3,21.9,2193,4,990.0,74.18,-16.0,1
VM-20981,Gravel,0,Specialized,Carbon,3310,3,Gut,2,9.7,,7,1860.0,139.37,-7.0,1
VM-20982,Gravel,0,Canyon,Aluminium,3030,8,Gut,2,10.5,,6,1290.0,96.66,6.0,0
VM-20983,Rennrad,0,Canyon,Carbon,4910,3,Gut,2,7.0,,7,3320.0,248.77,15.0,0
VM-20984,City,0,Villiger,Stahl,660,1,Sehr gut,3,17.3,,6,570.0,42.71,3.0,1
VM-20985,E-Bike,1,Cube,Aluminium,5170,9,Gut,2,27.8,30752,6,580.0,43.46,-2.0,1
VM-20986,Mountainbike,0,Specialized,Aluminium,1400,6,Wie neu,4,14.2,,4,830.0,62.19,19.0,0
VM-20987,E-Bike,1,Specialized,Aluminium,5580,5,Akzeptabel,1,25.1,8616,6,1250.0,93.66,-9.0,1
VM-20988,Mountainbike,0,Cube,Aluminium,1490,0,Gut,2,13.5,,4,1080.0,80.93,-7.0,1
VM-20989,Mountainbike,0,Cube,Aluminium,3090,8,Akzeptabel,1,14.2,,10,790.0,59.2,5.0,1
VM-20990,Gravel,0,Cube,Carbon,2930,2,Akzeptabel,1,8.4,,3,1250.0,93.66,-19.0,1
VM-20991,City,0,Villiger,Aluminium,700,3,Sehr gut,3,15.6,,5,440.0,32.97,-13.0,1
VM-20992,E-Bike,1,Specialized,Aluminium,5440,2,Akzeptabel,1,25.2,10229,9,2320.0,173.84,9.0,0
VM-20993,Mountainbike,0,Specialized,Carbon,4240,3,Gut,2,14.0,,2,2470.0,185.08,6.0,0
VM-20994,E-Bike,1,Trek,Aluminium,5360,2,Wie neu,4,22.6,1017,10,4580.0,343.18,20.0,0
VM-20995,Gravel,0,Specialized,Carbon,3120,10,Wie neu,4,7.4,,10,1220.0,91.42,-10.0,1
VM-20996,Rennrad,0,Scott,Carbon,1900,1,Gut,2,7.3,,8,1370.0,102.65,2.0,1
VM-20997,E-Bike,1,Stromer,Aluminium,5560,7,Gut,2,22.4,11189,1,1390.0,104.15,15.0,0
VM-20998,E-Bike,1,Trek,Aluminium,7460,10,Wie neu,4,25.7,32830,5,960.0,71.93,8.0,0
VM-20999,Rennrad,0,Canyon,Carbon,6730,4,Gut,2,7.0,,10,4730.0,354.42,31.0,0
VM-21000,Mountainbike,0,Specialized,Aluminium,2290,5,Akzeptabel,1,13.1,,5,850.0,63.69,7.0,0
VM-21001,E-Bike,1,Specialized,Aluminium,3750,7,Wie neu,4,22.7,15821,5,840.0,62.94,-14.0,1
VM-21002,City,0,Villiger,Stahl,680,7,Gut,2,15.4,,5,280.0,20.98,-12.0,1
VM-21003,City,0,Tour de Suisse,Aluminium,570,4,Wie neu,4,16.7,,4,420.0,31.47,-1.0,1
VM-21004,Rennrad,0,Canyon,Aluminium,2410,9,Wie neu,4,8.9,,5,890.0,66.69,-14.0,1
VM-21005,Rennrad,0,Specialized,Carbon,3470,8,Gut,2,8.6,,6,1460.0,109.4,15.0,0
VM-21006,E-Bike,1,Flyer,Aluminium,4350,6,Akzeptabel,1,22.3,3610,9,1050.0,78.68,8.0,0
VM-21007,Rennrad,0,BMC,Aluminium,2780,5,Sehr gut,3,7.9,,9,1740.0,130.38,11.0,0
VM-21008,Gravel,0,BMC,Carbon,2940,1,Wie neu,4,7.4,,9,2650.0,198.57,-2.0,1
VM-21009,Rennrad,0,Scott,Aluminium,3370,1,Wie neu,4,9.2,,2,3240.0,242.78,6.0,0
VM-21010,E-Bike,1,Flyer,Aluminium,4390,5,Wie neu,4,23.6,15312,2,1400.0,104.9,-12.0,1
VM-21011,Mountainbike,0,Specialized,Carbon,2660,6,Sehr gut,3,11.9,,9,1040.0,77.93,-13.0,1
VM-21012,Mountainbike,0,Trek,Aluminium,2080,1,Gut,2,13.8,,4,1530.0,114.64,6.0,0
VM-21013,E-Bike,1,Cube,Aluminium,4920,5,Sehr gut,3,24.0,11302,1,1810.0,135.62,7.0,0
VM-21014,Gravel,0,BMC,Aluminium,2620,8,Sehr gut,3,11.0,,6,1260.0,94.41,4.0,0
VM-21015,E-Bike,1,Stromer,Aluminium,7400,2,Sehr gut,3,26.8,4062,6,5260.0,394.14,15.0,0
VM-21016,City,0,Cube,Stahl,690,10,Wie neu,4,17.3,,1,300.0,22.48,-10.0,1
VM-21017,Mountainbike,0,Scott,Carbon,4760,3,Sehr gut,3,14.2,,3,2880.0,215.8,-5.0,1
VM-21018,E-Bike,1,Flyer,Aluminium,4980,0,Wie neu,4,21.1,1807,5,4790.0,358.92,-2.0,1
VM-21019,E-Bike,1,Specialized,Aluminium,7440,7,Gut,2,22.2,3950,1,2080.0,155.86,17.0,0
VM-21020,Mountainbike,0,Trek,Carbon,3450,10,Akzeptabel,1,13.5,,10,680.0,50.95,2.0,1
VM-21021,Rennrad,0,BMC,Aluminium,1690,6,Sehr gut,3,9.7,,7,800.0,59.94,-7.0,1
VM-21022,City,0,Trek,Aluminium,1260,4,Sehr gut,3,16.0,,4,870.0,65.19,3.0,0
VM-21023,Gravel,0,Canyon,Carbon,3770,3,Gut,2,7.4,,5,2450.0,183.58,7.0,0
VM-21024,Mountainbike,0,Canyon,Carbon,4470,8,Sehr gut,3,11.0,,9,1550.0,116.14,-2.0,1
VM-21025,E-Bike,1,Trek,Aluminium,2690,7,Gut,2,26.6,5567,7,610.0,45.71,-3.0,0
VM-21026,Gravel,0,Cube,Aluminium,1510,0,Akzeptabel,1,9.9,,2,880.0,65.94,-6.0,1
VM-21027,City,0,Tour de Suisse,Stahl,1060,2,Wie neu,4,16.3,,3,780.0,58.45,-15.0,1
VM-21028,Gravel,0,Cube,Aluminium,2450,5,Wie neu,4,9.5,,6,1510.0,113.15,-6.0,1
VM-21029,Rennrad,0,Specialized,Carbon,3880,4,Gut,2,8.7,,9,1690.0,126.63,-19.0,1
VM-21030,City,0,Cube,Stahl,1140,0,Gut,2,16.6,,8,980.0,73.43,10.0,0
VM-21031,Mountainbike,0,Trek,Aluminium,1120,3,Gut,2,11.9,,4,610.0,45.71,-1.0,0
VM-21032,E-Bike,1,Flyer,Aluminium,3720,7,Sehr gut,3,24.5,1437,7,880.0,65.94,-17.0,1
VM-21033,E-Bike,1,Cube,Aluminium,5710,2,Sehr gut,3,26.5,1166,3,2820.0,211.3,-23.0,1
VM-21034,E-Bike,1,Flyer,Aluminium,3330,3,Wie neu,4,23.9,9203,7,1870.0,140.12,3.0,1
VM-21035,E-Bike,1,Stromer,Aluminium,6360,10,Sehr gut,3,23.8,8918,2,1170.0,87.67,16.0,0
VM-21036,City,0,Cube,Aluminium,740,8,Gut,2,14.0,,5,320.0,23.98,-1.0,0
VM-21037,Gravel,0,Canyon,Aluminium,2980,9,Sehr gut,3,8.6,,8,1470.0,110.15,16.0,0
VM-21038,City,0,Tour de Suisse,Aluminium,1020,5,Akzeptabel,1,15.6,,10,460.0,34.47,5.0,0
VM-21039,City,0,Cube,Stahl,790,3,Gut,2,17.0,,8,510.0,38.21,3.0,1
VM-21040,City,0,Trek,Stahl,540,5,Sehr gut,3,16.5,,8,310.0,23.23,-8.0,1
VM-21041,E-Bike,1,Flyer,Aluminium,5030,6,Gut,2,22.4,11602,5,1220.0,91.42,-4.0,1
VM-21042,E-Bike,1,Specialized,Aluminium,4520,0,Sehr gut,3,24.6,4525,4,3880.0,290.73,1.0,0
VM-21043,Gravel,0,Cube,Aluminium,1230,1,Gut,2,11.0,,4,980.0,73.43,11.0,0
VM-21044,City,0,Tour de Suisse,Aluminium,660,3,Wie neu,4,16.6,,2,620.0,46.46,17.0,0
VM-21045,Mountainbike,0,Trek,Aluminium,1360,5,Gut,2,13.5,,3,570.0,42.71,-4.0,1
VM-21046,E-Bike,1,Stromer,Aluminium,7320,6,Sehr gut,3,21.5,9498,1,2140.0,160.35,-3.0,0
VM-21047,Mountainbike,0,Cube,Carbon,6320,7,Sehr gut,3,10.8,,8,2380.0,178.33,-5.0,1
VM-21048,City,0,Tour de Suisse,Aluminium,580,8,Gut,2,17.1,,8,250.0,18.73,-1.0,1
VM-21049,Mountainbike,0,Specialized,Aluminium,960,3,Akzeptabel,1,13.5,,8,400.0,29.97,-5.0,1
VM-21050,Gravel,0,Canyon,Aluminium,1490,1,Gut,2,8.9,,3,1040.0,77.93,-3.0,1
VM-21051,Mountainbike,0,Canyon,Aluminium,2320,0,Akzeptabel,1,12.0,,8,1230.0,92.16,-14.0,1
VM-21052,Rennrad,0,Specialized,Aluminium,5040,0,Gut,2,7.5,,6,3770.0,282.49,-4.0,1
VM-21053,Rennrad,0,Scott,Carbon,5160,7,Sehr gut,3,8.1,,10,2510.0,188.08,5.0,1
VM-21054,Mountainbike,0,Cube,Aluminium,1150,5,Gut,2,12.4,,8,660.0,49.45,32.0,0
VM-21055,Mountainbike,0,Canyon,Aluminium,2600,6,Akzeptabel,1,14.6,,2,750.0,56.2,-6.0,0
VM-21056,City,0,Villiger,Aluminium,930,8,Sehr gut,3,16.8,,8,520.0,38.96,11.0,0
VM-21057,Mountainbike,0,Specialized,Aluminium,4280,2,Gut,2,12.0,,4,2720.0,203.81,3.0,1
VM-21058,Rennrad,0,Specialized,Carbon,3750,6,Gut,2,7.0,,8,1570.0,117.64,-5.0,1
VM-21059,E-Bike,1,Stromer,Aluminium,4820,1,Wie neu,4,21.6,2931,2,3550.0,266.0,-10.0,1
VM-21060,Gravel,0,Specialized,Aluminium,3750,5,Gut,2,9.1,,3,1580.0,118.39,-18.0,1
VM-21061,City,0,Cube,Aluminium,640,3,Sehr gut,3,16.6,,9,460.0,34.47,-1.0,1
VM-21062,Mountainbike,0,Trek,Carbon,3920,4,Sehr gut,3,12.7,,5,2230.0,167.1,1.0,0
VM-21063,Rennrad,0,Specialized,Carbon,2310,7,Sehr gut,3,6.8,,8,1120.0,83.92,4.0,0
VM-21064,E-Bike,1,Cube,Aluminium,6960,10,Sehr gut,3,26.8,3686,9,1060.0,79.43,-10.0,1
VM-21065,E-Bike,1,Cube,Aluminium,6160,4,Gut,2,27.3,5553,9,2360.0,176.84,1.0,1
VM-21066,City,0,Villiger,Stahl,1430,1,Sehr gut,3,17.8,,6,1120.0,83.92,-6.0,1
VM-21067,Mountainbike,0,Trek,Aluminium,1060,2,Sehr gut,3,14.4,,2,700.0,52.45,-7.0,1
VM-21068,Rennrad,0,Specialized,Aluminium,3770,8,Sehr gut,3,9.0,,10,1500.0,112.4,-6.0,1
VM-21069,Mountainbike,0,Specialized,Aluminium,1210,5,Gut,2,13.9,,10,520.0,38.96,-1.0,1
VM-21070,Mountainbike,0,Scott,Aluminium,1350,8,Sehr gut,3,13.0,,5,510.0,38.21,7.0,0
VM-21071,Rennrad,0,Specialized,Aluminium,2800,5,Wie neu,4,9.1,,8,1730.0,129.63,-1.0,1
VM-21072,Rennrad,0,Trek,Aluminium,2400,2,Sehr gut,3,9.2,,10,2110.0,158.1,18.0,0
VM-21073,City,0,Villiger,Aluminium,510,0,Sehr gut,3,14.6,,1,470.0,35.22,2.0,0
VM-21074,E-Bike,1,Trek,Aluminium,5690,2,Gut,2,26.3,1110,4,3040.0,227.79,-4.0,0
VM-21075,Rennrad,0,Scott,Aluminium,2010,3,Wie neu,4,9.5,,5,1720.0,128.88,14.0,0
VM-21076,E-Bike,1,Trek,Aluminium,4180,3,Sehr gut,3,22.6,11252,3,1900.0,142.37,-5.0,0
VM-21077,Gravel,0,Specialized,Aluminium,1640,4,Sehr gut,3,10.4,,4,1070.0,80.18,1.0,0
VM-21078,Gravel,0,Cube,Aluminium,2350,4,Gut,2,10.9,,3,1690.0,126.63,29.0,0
VM-21079,Rennrad,0,Trek,Carbon,6600,2,Akzeptabel,1,8.7,,10,2970.0,222.54,-12.0,1
VM-21080,Rennrad,0,Scott,Aluminium,1800,7,Sehr gut,3,9.4,,8,910.0,68.19,9.0,0
VM-21081,Gravel,0,BMC,Aluminium,1500,3,Wie neu,4,9.8,,4,1070.0,80.18,-8.0,1
VM-21082,City,0,Tour de Suisse,Stahl,1020,2,Gut,2,16.5,,6,850.0,63.69,24.0,0
VM-21083,Mountainbike,0,Cube,Aluminium,1250,9,Sehr gut,3,12.8,,4,460.0,34.47,17.0,0
VM-21084,E-Bike,1,Specialized,Aluminium,2670,1,Akzeptabel,1,23.1,2947,6,1360.0,101.91,0.0,0
VM-21085,Gravel,0,Specialized,Aluminium,2990,7,Gut,2,10.0,,1,1150.0,86.17,-12.0,1
VM-21086,Mountainbike,0,Specialized,Carbon,5150,3,Gut,2,10.9,,9,2970.0,222.54,5.0,1
VM-21087,Gravel,0,BMC,Carbon,4810,2,Sehr gut,3,9.5,,1,3810.0,285.49,4.0,0
VM-21088,City,0,Cube,Aluminium,570,0,Gut,2,16.8,,9,490.0,36.72,10.0,0
VM-21089,Mountainbike,0,Scott,Carbon,6180,4,Sehr gut,3,12.9,,4,3680.0,275.74,5.0,0
VM-21090,E-Bike,1,Specialized,Aluminium,7190,7,Sehr gut,3,24.4,9019,1,1820.0,136.37,-2.0,0
VM-21091,Mountainbike,0,Trek,Carbon,5520,4,Gut,2,13.9,,6,2760.0,206.81,2.0,1
VM-21092,Mountainbike,0,Specialized,Aluminium,980,3,Sehr gut,3,12.1,,1,550.0,41.21,-12.0,1
VM-21093,Mountainbike,0,Scott,Aluminium,2020,1,Sehr gut,3,13.1,,8,1520.0,113.89,-6.0,1
VM-21094,E-Bike,1,Cube,Aluminium,7360,10,Akzeptabel,1,25.5,34580,5,550.0,41.21,5.0,0
VM-21095,E-Bike,1,Stromer,Aluminium,3140,3,Sehr gut,3,25.2,3509,4,1970.0,147.61,19.0,0
VM-21096,City,0,Trek,Aluminium,1050,8,Sehr gut,3,14.5,,4,500.0,37.47,-5.0,1
VM-21097,Gravel,0,BMC,Carbon,2010,0,Akzeptabel,1,7.8,,9,1280.0,95.91,3.0,0
VM-21098,Gravel,0,Cube,Aluminium,2200,1,Gut,2,9.9,,6,1880.0,140.87,19.0,0
VM-21099,Gravel,0,Canyon,Aluminium,2090,3,Sehr gut,3,10.9,,8,1590.0,119.14,9.0,0
VM-21100,City,0,Cube,Stahl,1110,8,Gut,2,15.8,,4,440.0,32.97,-9.0,1
VM-21101,Gravel,0,Cube,Aluminium,2360,2,Sehr gut,3,10.6,,9,1440.0,107.9,-20.0,1
VM-21102,City,0,Tour de Suisse,Aluminium,1440,8,Wie neu,4,15.4,,7,790.0,59.2,-2.0,1
VM-21103,Mountainbike,0,Scott,Carbon,3250,4,Sehr gut,3,13.2,,7,1900.0,142.37,4.0,1
VM-21104,Gravel,0,Specialized,Carbon,2930,4,Wie neu,4,7.7,,7,1800.0,134.88,-14.0,1
VM-21105,Rennrad,0,Trek,Carbon,4530,3,Akzeptabel,1,7.4,,4,1860.0,139.37,-12.0,1
VM-21106,Gravel,0,Specialized,Carbon,4810,4,Akzeptabel,1,9.6,,5,2050.0,153.61,-4.0,0
VM-21107,Mountainbike,0,Scott,Carbon,4990,5,Gut,2,12.6,,2,1810.0,135.62,-17.0,1
VM-21108,Rennrad,0,Scott,Carbon,2390,0,Gut,2,8.0,,10,1850.0,138.62,-1.0,1
VM-21109,Gravel,0,BMC,Aluminium,2430,4,Akzeptabel,1,8.6,,10,1120.0,83.92,4.0,1
VM-21110,City,0,Cube,Aluminium,1480,7,Sehr gut,3,16.4,,3,640.0,47.96,-20.0,1
VM-21111,Gravel,0,BMC,Aluminium,1740,5,Gut,2,8.9,,5,830.0,62.19,-7.0,1
VM-21112,Rennrad,0,Scott,Carbon,6610,0,Wie neu,4,7.2,,5,6620.0,496.04,0.0,1
VM-21113,Mountainbike,0,Canyon,Aluminium,3930,1,Akzeptabel,1,13.0,,8,2190.0,164.1,1.0,0
VM-21114,E-Bike,1,Flyer,Aluminium,7930,2,Wie neu,4,26.5,691,1,5070.0,379.9,-11.0,1
VM-21115,E-Bike,1,Specialized,Aluminium,7970,7,Gut,2,26.4,5687,10,1940.0,145.37,4.0,0
VM-21116,Rennrad,0,Scott,Aluminium,2400,7,Wie neu,4,9.2,,5,1300.0,97.41,5.0,1
VM-21117,Rennrad,0,Specialized,Aluminium,2210,4,Gut,2,9.0,,9,1440.0,107.9,22.0,0
VM-21118,Mountainbike,0,Trek,Aluminium,1770,8,Gut,2,14.6,,10,510.0,38.21,-6.0,1
VM-21119,Mountainbike,0,Specialized,Aluminium,2110,7,Wie neu,4,12.0,,8,900.0,67.44,-4.0,1
VM-21120,Gravel,0,Specialized,Aluminium,4050,1,Sehr gut,3,10.7,,7,3600.0,269.75,7.0,0
VM-21121,City,0,Cube,Aluminium,530,3,Wie neu,4,14.2,,10,500.0,37.47,17.0,0
VM-21122,Gravel,0,Specialized,Aluminium,1550,9,Sehr gut,3,8.8,,1,630.0,47.21,-4.0,0
VM-21123,Mountainbike,0,Canyon,Carbon,4990,2,Gut,2,10.6,,10,3790.0,283.99,23.0,0
VM-21124,City,0,Trek,Aluminium,550,2,Sehr gut,3,15.5,,5,440.0,32.97,3.0,0
VM-21125,E-Bike,1,Specialized,Aluminium,7360,6,Gut,2,23.4,5884,2,2360.0,176.84,17.0,0
VM-21126,E-Bike,1,Flyer,Aluminium,7010,7,Akzeptabel,1,23.4,2618,7,1330.0,99.66,-1.0,0
VM-21127,Gravel,0,Cube,Aluminium,2560,1,Sehr gut,3,8.6,,4,1490.0,111.65,-30.0,1
VM-21128,City,0,Cube,Aluminium,1030,5,Sehr gut,3,15.7,,1,670.0,50.2,4.0,0
VM-21129,Rennrad,0,Scott,Carbon,5440,5,Gut,2,7.9,,7,2840.0,212.8,7.0,1
VM-21130,Rennrad,0,Canyon,Carbon,4960,7,Sehr gut,3,7.2,,10,2560.0,191.82,11.0,0
VM-21131,City,0,Cube,Stahl,970,4,Sehr gut,3,15.1,,8,670.0,50.2,3.0,0
VM-21132,Mountainbike,0,Specialized,Aluminium,3610,7,Wie neu,4,14.6,,7,1920.0,143.87,20.0,0
VM-21133,E-Bike,1,Flyer,Aluminium,4870,10,Gut,2,22.5,38409,5,370.0,27.72,-8.0,1
VM-21134,Gravel,0,Cube,Carbon,4510,9,Sehr gut,3,8.6,,1,2480.0,185.83,29.0,0
VM-21135,City,0,Trek,Aluminium,1260,7,Sehr gut,3,14.8,,9,770.0,57.7,13.0,0
VM-21136,E-Bike,1,Specialized,Aluminium,5440,6,Sehr gut,3,25.7,15674,5,1210.0,90.67,-19.0,1
VM-21137,Rennrad,0,Scott,Aluminium,4420,3,Gut,2,8.4,,5,2310.0,173.09,-11.0,1
VM-21138,City,0,Tour de Suisse,Aluminium,890,0,Sehr gut,3,14.2,,7,910.0,68.19,14.0,0
VM-21139,E-Bike,1,Specialized,Aluminium,2940,6,Wie neu,4,24.1,2180,5,920.0,68.94,-15.0,1
VM-21140,City,0,Cube,Stahl,920,5,Gut,2,17.0,,10,490.0,36.72,-2.0,1
VM-21141,City,0,Tour de Suisse,Aluminium,690,5,Sehr gut,3,15.1,,4,540.0,40.46,25.0,0
VM-21142,E-Bike,1,Specialized,Aluminium,3350,6,Sehr gut,3,26.6,9688,6,1080.0,80.93,7.0,0
VM-21143,E-Bike,1,Trek,Aluminium,6940,3,Gut,2,21.2,11895,7,3260.0,244.27,14.0,0
VM-21144,Gravel,0,Canyon,Aluminium,1660,0,Akzeptabel,1,8.7,,10,860.0,64.44,-16.0,1
VM-21145,Gravel,0,Specialized,Carbon,3520,10,Gut,2,9.1,,7,950.0,71.18,-20.0,1
VM-21146,City,0,Tour de Suisse,Aluminium,660,10,Wie neu,4,16.0,,10,310.0,23.23,-3.0,1
VM-21147,E-Bike,1,Cube,Aluminium,4970,2,Akzeptabel,1,21.6,606,7,2250.0,168.59,2.0,0
VM-21148,Mountainbike,0,Specialized,Aluminium,2830,2,Sehr gut,3,13.8,,6,1690.0,126.63,-16.0,1
VM-21149,Mountainbike,0,Trek,Aluminium,1480,9,Wie neu,4,12.2,,4,470.0,35.22,-9.0,1
VM-21150,Rennrad,0,Specialized,Carbon,6150,5,Akzeptabel,1,6.4,,6,2060.0,154.36,-13.0,1
VM-21151,Rennrad,0,Specialized,Carbon,5270,6,Wie neu,4,7.7,,10,2810.0,210.56,-6.0,1
VM-21152,Mountainbike,0,Trek,Carbon,4900,1,Wie neu,4,13.1,,5,5240.0,392.64,20.0,0
VM-21153,Gravel,0,Cube,Carbon,2820,6,Sehr gut,3,9.0,,10,1460.0,109.4,-5.0,1
VM-21154,Rennrad,0,Specialized,Carbon,3950,0,Gut,2,6.7,,6,3140.0,235.28,2.0,0
VM-21155,City,0,Tour de Suisse,Stahl,1050,6,Sehr gut,3,14.2,,3,570.0,42.71,-7.0,1
VM-21156,E-Bike,1,Stromer,Aluminium,2730,1,Sehr gut,3,25.4,2058,6,2130.0,159.6,5.0,1
VM-21157,Rennrad,0,BMC,Carbon,4290,7,Akzeptabel,1,6.5,,9,1490.0,111.65,8.0,0
VM-21158,E-Bike,1,Stromer,Aluminium,6750,5,Sehr gut,3,23.3,8409,10,2530.0,189.57,4.0,0
VM-21159,City,0,Cube,Aluminium,860,3,Sehr gut,3,14.7,,6,640.0,47.96,3.0,0
VM-21160,Rennrad,0,BMC,Carbon,4340,10,Sehr gut,3,6.8,,10,1470.0,110.15,-3.0,1
VM-21161,Mountainbike,0,Specialized,Carbon,5810,2,Akzeptabel,1,12.8,,1,2630.0,197.07,-8.0,1
VM-21162,Rennrad,0,Canyon,Aluminium,3750,7,Wie neu,4,7.9,,8,1590.0,119.14,-18.0,1
VM-21163,City,0,Villiger,Aluminium,640,6,Sehr gut,3,17.8,,3,320.0,23.98,-14.0,1
VM-21164,Mountainbike,0,Cube,Carbon,3220,8,Sehr gut,3,12.6,,8,1200.0,89.92,5.0,1
VM-21165,Rennrad,0,Trek,Carbon,5950,5,Gut,2,8.5,,3,2890.0,216.55,-0.0,0
VM-21166,Gravel,0,Specialized,Carbon,4030,6,Wie neu,4,7.7,,5,2190.0,164.1,-10.0,1
VM-21167,Rennrad,0,BMC,Carbon,6300,7,Gut,2,7.2,,1,2170.0,162.6,-15.0,1
VM-21168,City,0,Villiger,Aluminium,1440,9,Gut,2,17.7,,10,530.0,39.71,-9.0,1
VM-21169,Gravel,0,BMC,Carbon,2130,7,Gut,2,8.8,,6,880.0,65.94,-5.0,1
VM-21170,Rennrad,0,BMC,Carbon,6560,0,Wie neu,4,6.7,,1,5600.0,419.61,-15.0,1
VM-21171,Rennrad,0,Scott,Carbon,2990,1,Sehr gut,3,8.1,,5,2490.0,186.58,2.0,0
VM-21172,Mountainbike,0,Scott,Aluminium,1220,1,Wie neu,4,11.8,,4,1050.0,78.68,-3.0,0
VM-21173,Rennrad,0,Specialized,Aluminium,4800,6,Sehr gut,3,9.5,,9,2560.0,191.82,4.0,0
VM-21174,E-Bike,1,Trek,Aluminium,2510,3,Akzeptabel,1,24.4,8194,10,1060.0,79.43,23.0,0
VM-21175,Gravel,0,BMC,Aluminium,2040,2,Gut,2,10.5,,10,1490.0,111.65,11.0,1
VM-21176,Mountainbike,0,Scott,Aluminium,1900,1,Sehr gut,3,12.2,,2,1470.0,110.15,-3.0,0
VM-21177,City,0,Cube,Aluminium,1030,5,Sehr gut,3,15.5,,8,620.0,46.46,-4.0,1
VM-21178,City,0,Trek,Aluminium,1340,10,Wie neu,4,14.5,,1,560.0,41.96,-14.0,1
VM-21179,City,0,Tour de Suisse,Aluminium,810,1,Gut,2,16.1,,1,580.0,43.46,-1.0,0
VM-21180,City,0,Tour de Suisse,Aluminium,690,3,Sehr gut,3,16.1,,1,470.0,35.22,-6.0,1
VM-21181,Mountainbike,0,Trek,Aluminium,3920,7,Akzeptabel,1,13.7,,7,1450.0,108.65,35.0,0
VM-21182,City,0,Cube,Stahl,1220,6,Gut,2,16.1,,7,620.0,46.46,1.0,0
VM-21183,Mountainbike,0,Cube,Aluminium,1890,2,Gut,2,15.1,,1,1250.0,93.66,7.0,0
VM-21184,Rennrad,0,BMC,Carbon,3830,1,Gut,2,7.0,,7,2920.0,218.8,7.0,0
VM-21185,City,0,Tour de Suisse,Stahl,1120,6,Akzeptabel,1,17.5,,8,480.0,35.97,7.0,0
VM-21186,Mountainbike,0,Canyon,Aluminium,1910,10,Gut,2,11.7,,1,490.0,36.72,5.0,0
VM-21187,Mountainbike,0,Scott,Carbon,5170,5,Gut,2,13.9,,1,2240.0,167.84,-1.0,0
VM-21188,E-Bike,1,Stromer,Aluminium,4450,5,Sehr gut,3,24.2,12320,9,1690.0,126.63,12.0,0
VM-21189,Rennrad,0,Scott,Aluminium,1950,10,Sehr gut,3,9.6,,2,850.0,63.69,24.0,0
VM-21190,City,0,Trek,Aluminium,630,4,Gut,2,17.3,,3,390.0,29.22,6.0,0
VM-21191,City,0,Tour de Suisse,Stahl,740,1,Sehr gut,3,14.4,,6,750.0,56.2,21.0,0
VM-21192,Gravel,0,BMC,Aluminium,1490,9,Akzeptabel,1,8.6,,1,460.0,34.47,5.0,0
VM-21193,E-Bike,1,Flyer,Aluminium,3030,0,Sehr gut,3,27.5,2601,4,2240.0,167.84,-15.0,1
VM-21194,E-Bike,1,Flyer,Aluminium,6810,3,Gut,2,22.2,8436,8,3760.0,281.74,28.0,0
VM-21195,City,0,Tour de Suisse,Aluminium,520,5,Akzeptabel,1,16.3,,6,220.0,16.48,-2.0,0
VM-21196,E-Bike,1,Trek,Aluminium,5360,6,Wie neu,4,26.6,17987,6,1310.0,98.16,-17.0,1
VM-21197,City,0,Villiger,Aluminium,1090,3,Wie neu,4,17.2,,7,1020.0,76.43,16.0,0
VM-21198,E-Bike,1,Cube,Aluminium,3350,3,Sehr gut,3,23.3,6357,3,1650.0,123.64,-4.0,0
VM-21199,Gravel,0,Specialized,Carbon,2800,10,Sehr gut,3,7.5,,8,1040.0,77.93,-5.0,1
VM-21200,Gravel,0,Specialized,Aluminium,1340,2,Wie neu,4,9.7,,3,1200.0,89.92,6.0,1
VM-21201,Mountainbike,0,Scott,Aluminium,4100,2,Sehr gut,3,15.1,,4,2550.0,191.07,-13.0,1
VM-21202,Rennrad,0,Trek,Carbon,5300,5,Akzeptabel,1,7.9,,9,2380.0,178.33,16.0,0
VM-21203,Gravel,0,Specialized,Carbon,3170,1,Gut,2,9.2,,5,1980.0,148.36,-13.0,1
VM-21204,Gravel,0,Cube,Aluminium,1470,0,Gut,2,8.5,,2,1560.0,116.89,36.0,0
VM-21205,Gravel,0,BMC,Carbon,3370,3,Sehr gut,3,9.8,,8,1920.0,143.87,-19.0,1
VM-21206,E-Bike,1,Specialized,Aluminium,2830,3,Akzeptabel,1,21.9,13492,10,970.0,72.68,7.0,0
VM-21207,E-Bike,1,Flyer,Aluminium,6450,3,Gut,2,23.4,10156,4,2660.0,199.32,-2.0,0
VM-21208,Gravel,0,BMC,Carbon,1870,4,Sehr gut,3,8.2,,3,1370.0,102.65,14.0,0
VM-21209,Rennrad,0,BMC,Carbon,2400,10,Gut,2,7.3,,8,610.0,45.71,-16.0,1
VM-21210,Gravel,0,Canyon,Aluminium,1280,1,Sehr gut,3,10.8,,3,1090.0,81.67,3.0,0
VM-21211,City,0,Cube,Stahl,600,10,Gut,2,15.2,,10,220.0,16.48,-3.0,1
VM-21212,Rennrad,0,Canyon,Carbon,5810,7,Sehr gut,3,7.7,,10,2820.0,211.3,4.0,1
VM-21213,E-Bike,1,Specialized,Aluminium,7090,5,Sehr gut,3,25.4,8702,5,2150.0,161.1,-15.0,1
VM-21214,City,0,Trek,Aluminium,800,0,Akzeptabel,1,16.8,,5,440.0,32.97,-11.0,1
VM-21215,E-Bike,1,Trek,Aluminium,3060,4,Sehr gut,3,21.1,1713,9,1200.0,89.92,-15.0,1
VM-21216,Rennrad,0,Canyon,Aluminium,3620,10,Gut,2,8.5,,6,1020.0,76.43,-7.0,1
VM-21217,E-Bike,1,Specialized,Aluminium,3590,2,Sehr gut,3,26.6,5669,8,2360.0,176.84,8.0,0
VM-21218,Gravel,0,Cube,Carbon,1660,6,Sehr gut,3,9.7,,9,960.0,71.93,6.0,1
VM-21219,Rennrad,0,Trek,Aluminium,3230,2,Sehr gut,3,7.8,,7,1960.0,146.86,-19.0,1
VM-21220,Rennrad,0,Scott,Carbon,6690,10,Sehr gut,3,6.9,,9,2050.0,153.61,-13.0,1
VM-21221,City,0,Tour de Suisse,Aluminium,680,8,Gut,2,17.8,,3,240.0,17.98,-19.0,1
VM-21222,Mountainbike,0,Scott,Carbon,4930,10,Sehr gut,3,12.0,,4,1160.0,86.92,-16.0,1
VM-21223,Rennrad,0,Specialized,Carbon,2120,2,Gut,2,6.6,,10,1380.0,103.4,1.0,0
VM-21224,Rennrad,0,Trek,Aluminium,2710,4,Wie neu,4,7.8,,3,1910.0,143.12,3.0,1
VM-21225,City,0,Trek,Aluminium,1060,0,Sehr gut,3,14.2,,2,830.0,62.19,-13.0,1
VM-21226,Gravel,0,Cube,Carbon,4470,4,Sehr gut,3,7.4,,9,2400.0,179.83,-17.0,1
VM-21227,Rennrad,0,Scott,Aluminium,2530,4,Sehr gut,3,8.4,,8,1720.0,128.88,10.0,0
VM-21228,Rennrad,0,BMC,Carbon,3560,1,Wie neu,4,7.6,,9,3150.0,236.03,-3.0,1
VM-21229,E-Bike,1,Cube,Aluminium,2970,3,Wie neu,4,24.5,1216,1,1640.0,122.89,-9.0,1
VM-21230,City,0,Tour de Suisse,Aluminium,670,6,Gut,2,17.5,,1,320.0,23.98,-5.0,0
VM-21231,Rennrad,0,Canyon,Carbon,3660,2,Wie neu,4,6.9,,4,3970.0,297.47,31.0,0
VM-21232,Gravel,0,Cube,Aluminium,1200,6,Sehr gut,3,8.7,,7,640.0,47.96,-2.0,1
VM-21233,City,0,Trek,Aluminium,790,5,Sehr gut,3,16.8,,3,390.0,29.22,-21.0,1
VM-21234,Mountainbike,0,Specialized,Aluminium,920,5,Sehr gut,3,11.5,,7,530.0,39.71,15.0,0
VM-21235,Rennrad,0,Canyon,Aluminium,1640,7,Sehr gut,3,9.5,,8,890.0,66.69,17.0,0
VM-21236,City,0,Tour de Suisse,Stahl,1120,3,Sehr gut,3,14.3,,4,820.0,61.44,1.0,1
VM-21237,Mountainbike,0,Cube,Carbon,4220,2,Gut,2,13.6,,3,2530.0,189.57,-3.0,1
VM-21238,Rennrad,0,Scott,Aluminium,2160,7,Akzeptabel,1,8.3,,1,680.0,50.95,-2.0,0
VM-21239,E-Bike,1,Flyer,Aluminium,6270,9,Gut,2,27.9,4097,5,1050.0,78.68,-3.0,1
VM-21240,Mountainbike,0,Canyon,Carbon,5480,1,Gut,2,14.2,,5,3520.0,263.76,-7.0,1
VM-21241,Gravel,0,Canyon,Aluminium,1820,6,Wie neu,4,9.1,,4,980.0,73.43,-11.0,1
VM-21242,Rennrad,0,Trek,Aluminium,1840,0,Wie neu,4,8.7,,9,1770.0,132.63,-4.0,1
VM-21243,Mountainbike,0,Scott,Carbon,5950,9,Wie neu,4,11.0,,2,1830.0,137.12,-12.0,1
VM-21244,Mountainbike,0,Trek,Aluminium,4000,1,Sehr gut,3,12.9,,6,3330.0,249.52,4.0,1
VM-21245,E-Bike,1,Cube,Aluminium,3320,6,Sehr gut,3,25.0,4430,2,1090.0,81.67,2.0,0
VM-21246,City,0,Cube,Stahl,580,5,Wie neu,4,16.0,,9,490.0,36.72,21.0,0
VM-21247,Mountainbike,0,Cube,Aluminium,2460,8,Sehr gut,3,13.2,,6,820.0,61.44,-6.0,0
VM-21248,Mountainbike,0,Specialized,Aluminium,910,4,Wie neu,4,12.3,,9,580.0,43.46,2.0,1
VM-21249,Gravel,0,Canyon,Aluminium,1210,6,Wie neu,4,10.8,,8,660.0,49.45,-10.0,1
VM-21250,City,0,Cube,Stahl,1460,4,Wie neu,4,17.8,,6,1050.0,78.68,-4.0,1
VM-21251,Mountainbike,0,Scott,Carbon,4630,5,Sehr gut,3,12.3,,7,2550.0,191.07,10.0,0
VM-21252,Gravel,0,Cube,Aluminium,3070,8,Sehr gut,3,10.3,,7,1300.0,97.41,-8.0,1
VM-21253,Rennrad,0,Scott,Aluminium,2100,5,Wie neu,4,8.6,,1,1390.0,104.15,6.0,0
VM-21254,Rennrad,0,BMC,Aluminium,2190,5,Gut,2,9.4,,1,1080.0,80.93,1.0,0
VM-21255,City,0,Trek,Stahl,980,7,Gut,2,17.3,,7,450.0,33.72,-2.0,0
VM-21256,Rennrad,0,BMC,Aluminium,2020,5,Sehr gut,3,9.8,,5,1160.0,86.92,2.0,0
VM-21257,Rennrad,0,Scott,Aluminium,2760,9,Gut,2,9.5,,6,920.0,68.94,-0.0,1
VM-21258,Mountainbike,0,Canyon,Aluminium,1340,6,Gut,2,14.2,,1,520.0,38.96,0.0,0
VM-21259,Rennrad,0,Trek,Carbon,3330,4,Akzeptabel,1,8.7,,8,1380.0,103.4,-3.0,1
VM-21260,Rennrad,0,Canyon,Aluminium,2000,6,Sehr gut,3,8.2,,8,900.0,67.44,-12.0,0
VM-21261,Mountainbike,0,Scott,Carbon,3010,3,Sehr gut,3,12.8,,10,1820.0,136.37,-5.0,1
VM-21262,Mountainbike,0,Trek,Aluminium,5470,3,Gut,2,13.2,,7,2730.0,204.56,-9.0,1
VM-21263,Gravel,0,BMC,Aluminium,1260,0,Gut,2,8.7,,9,1180.0,88.42,20.0,0
VM-21264,E-Bike,1,Trek,Aluminium,3150,7,Sehr gut,3,23.6,12139,10,780.0,58.45,0.0,1
VM-21265,City,0,Tour de Suisse,Aluminium,510,8,Gut,2,15.0,,5,210.0,15.74,-6.0,1
VM-21266,Mountainbike,0,Scott,Aluminium,1430,8,Gut,2,14.6,,5,480.0,35.97,9.0,0
VM-21267,Mountainbike,0,Cube,Aluminium,1330,1,Sehr gut,3,15.4,,3,1010.0,75.68,-5.0,1
VM-21268,City,0,Tour de Suisse,Stahl,580,6,Gut,2,18.0,,10,250.0,18.73,-15.0,1
VM-21269,Mountainbike,0,Specialized,Carbon,5340,6,Sehr gut,3,11.7,,4,2350.0,176.09,-2.0,1
VM-21270,Rennrad,0,Trek,Aluminium,1950,7,Sehr gut,3,9.4,,1,950.0,71.18,5.0,0
VM-21271,E-Bike,1,Flyer,Aluminium,4740,2,Gut,2,26.5,2686,7,2930.0,219.55,13.0,0
VM-21272,City,0,Tour de Suisse,Aluminium,1420,0,Sehr gut,3,17.0,,5,1230.0,92.16,-4.0,1
VM-21273,E-Bike,1,Flyer,Aluminium,5340,5,Sehr gut,3,21.8,10514,2,1790.0,134.13,-4.0,1
VM-21274,Mountainbike,0,Cube,Aluminium,3520,10,Wie neu,4,13.6,,2,970.0,72.68,-12.0,1
VM-21275,City,0,Villiger,Aluminium,650,4,Sehr gut,3,16.3,,10,480.0,35.97,10.0,1
VM-21276,Mountainbike,0,Cube,Carbon,5640,9,Gut,2,13.4,,9,1740.0,130.38,13.0,0
VM-21277,E-Bike,1,Specialized,Aluminium,3700,8,Gut,2,24.6,10539,9,750.0,56.2,9.0,1
VM-21278,Mountainbike,0,Scott,Carbon,5710,4,Gut,2,12.4,,7,3060.0,229.29,10.0,0
VM-21279,City,0,Trek,Stahl,790,7,Gut,2,14.3,,5,370.0,27.72,-0.0,1
VM-21280,Mountainbike,0,Specialized,Aluminium,3480,1,Sehr gut,3,15.4,,9,2500.0,187.33,-10.0,1
VM-21281,City,0,Tour de Suisse,Aluminium,800,2,Sehr gut,3,15.8,,9,580.0,43.46,-7.0,1
VM-21282,City,0,Trek,Aluminium,1150,4,Akzeptabel,1,17.2,,10,430.0,32.22,-19.0,1
VM-21283,E-Bike,1,Flyer,Aluminium,6110,2,Wie neu,4,22.4,3479,4,4220.0,316.21,-0.0,1
VM-21284,City,0,Trek,Aluminium,1430,4,Wie neu,4,15.9,,5,960.0,71.93,-10.0,1
VM-21285,City,0,Trek,Stahl,650,6,Gut,2,17.4,,10,300.0,22.48,-9.0,1
VM-21286,City,0,Villiger,Stahl,1010,9,Sehr gut,3,17.9,,7,440.0,32.97,-7.0,1
VM-21287,E-Bike,1,Stromer,Aluminium,6240,6,Gut,2,27.8,1786,3,1740.0,130.38,-3.0,1
VM-21288,City,0,Cube,Aluminium,810,3,Gut,2,14.6,,8,480.0,35.97,-6.0,1
VM-21289,Gravel,0,Cube,Carbon,2370,10,Sehr gut,3,9.1,,7,720.0,53.95,-22.0,1
VM-21290,Mountainbike,0,Specialized,Aluminium,960,2,Sehr gut,3,11.9,,8,630.0,47.21,-8.0,1
VM-21291,E-Bike,1,Cube,Aluminium,4880,7,Akzeptabel,1,24.4,5462,9,840.0,62.94,-7.0,1
VM-21292,E-Bike,1,Specialized,Aluminium,5630,8,Wie neu,4,24.7,5456,2,1400.0,104.9,-2.0,1
VM-21293,Gravel,0,Canyon,Aluminium,2840,7,Gut,2,10.6,,7,1200.0,89.92,-3.0,0
VM-21294,Rennrad,0,Scott,Aluminium,3560,6,Sehr gut,3,8.9,,5,2040.0,152.86,12.0,0
VM-21295,Gravel,0,Canyon,Aluminium,1540,5,Sehr gut,3,9.2,,6,940.0,70.43,3.0,1
VM-21296,Rennrad,0,Specialized,Carbon,2310,10,Wie neu,4,6.7,,7,850.0,63.69,-6.0,1
VM-21297,City,0,Tour de Suisse,Aluminium,1340,7,Wie neu,4,14.1,,5,820.0,61.44,2.0,0
VM-21298,Mountainbike,0,Scott,Aluminium,1950,10,Sehr gut,3,13.0,,9,580.0,43.46,6.0,1
VM-21299,City,0,Cube,Aluminium,880,4,Gut,2,17.3,,3,480.0,35.97,-7.0,1
VM-21300,City,0,Tour de Suisse,Aluminium,610,8,Sehr gut,3,15.9,,10,290.0,21.73,-6.0,1
VM-21301,Rennrad,0,BMC,Carbon,4320,6,Gut,2,8.4,,5,1680.0,125.88,-12.0,1
VM-21302,E-Bike,1,Specialized,Aluminium,6310,3,Gut,2,21.2,8070,9,2330.0,174.59,-15.0,1
VM-21303,Gravel,0,BMC,Carbon,3470,6,Gut,2,8.5,,8,1920.0,143.87,17.0,0
VM-21304,Rennrad,0,Specialized,Aluminium,1570,8,Sehr gut,3,9.8,,2,700.0,52.45,5.0,0
VM-21305,Gravel,0,Canyon,Aluminium,1560,8,Akzeptabel,1,10.9,,6,530.0,39.71,7.0,0
VM-21306,City,0,Villiger,Stahl,690,9,Gut,2,14.9,,4,240.0,17.98,-14.0,1
VM-21307,City,0,Trek,Stahl,560,7,Gut,2,17.0,,10,320.0,23.98,22.0,0
VM-21308,Rennrad,0,Scott,Aluminium,1990,6,Sehr gut,3,8.2,,7,970.0,72.68,-5.0,1
VM-21309,Mountainbike,0,Cube,Carbon,4050,6,Gut,2,11.6,,4,1860.0,139.37,18.0,0
VM-21310,City,0,Cube,Aluminium,570,6,Gut,2,17.1,,3,300.0,22.48,4.0,0
VM-21311,E-Bike,1,Flyer,Aluminium,5690,8,Sehr gut,3,21.4,14992,8,1290.0,96.66,13.0,0
VM-21312,E-Bike,1,Trek,Aluminium,3430,6,Sehr gut,3,25.4,21432,4,850.0,63.69,-2.0,0
VM-21313,Mountainbike,0,Scott,Carbon,2650,1,Sehr gut,3,10.4,,5,1920.0,143.87,-10.0,1
VM-21314,Rennrad,0,Specialized,Carbon,5290,5,Gut,2,8.8,,4,3080.0,230.79,20.0,0
VM-21315,City,0,Cube,Aluminium,560,8,Wie neu,4,17.1,,6,270.0,20.23,-14.0,1
VM-21316,E-Bike,1,Specialized,Aluminium,3880,3,Gut,2,21.4,9054,10,1700.0,127.38,3.0,1
VM-21317,Mountainbike,0,Trek,Carbon,4050,2,Gut,2,10.7,,5,2520.0,188.83,1.0,0
VM-21318,Mountainbike,0,Scott,Aluminium,1030,8,Wie neu,4,11.6,,6,430.0,32.22,6.0,0
VM-21319,City,0,Cube,Aluminium,1020,4,Sehr gut,3,17.9,,1,640.0,47.96,-7.0,0
VM-21320,Gravel,0,BMC,Aluminium,3050,3,Gut,2,9.4,,10,1610.0,120.64,-13.0,1
VM-21321,E-Bike,1,Trek,Aluminium,3800,7,Sehr gut,3,22.8,9127,4,1210.0,90.67,24.0,0
VM-21322,E-Bike,1,Specialized,Aluminium,5380,4,Sehr gut,3,27.5,2008,9,2830.0,212.05,15.0,0
VM-21323,Gravel,0,Cube,Aluminium,1620,3,Sehr gut,3,10.8,,10,1230.0,92.16,8.0,0
VM-21324,E-Bike,1,Specialized,Aluminium,4770,10,Gut,2,24.4,8413,6,610.0,45.71,-7.0,1
VM-21325,Rennrad,0,Canyon,Aluminium,3310,4,Sehr gut,3,9.0,,10,2080.0,155.86,2.0,1
VM-21326,Mountainbike,0,Specialized,Carbon,2990,2,Sehr gut,3,12.1,,4,1920.0,143.87,-10.0,1
VM-21327,Mountainbike,0,Trek,Aluminium,1210,2,Akzeptabel,1,14.3,,9,420.0,31.47,-29.0,1
VM-21328,City,0,Cube,Aluminium,1100,8,Sehr gut,3,14.7,,8,490.0,36.72,-12.0,1
VM-21329,Gravel,0,Canyon,Carbon,4390,9,Wie neu,4,7.4,,2,1790.0,134.13,-14.0,1
VM-21330,E-Bike,1,Specialized,Aluminium,5310,9,Sehr gut,3,23.4,34995,10,690.0,51.7,7.0,0
VM-21331,Gravel,0,BMC,Aluminium,2510,6,Gut,2,8.8,,10,1260.0,94.41,6.0,0
VM-21332,City,0,Cube,Aluminium,650,8,Sehr gut,3,14.1,,4,390.0,29.22,19.0,0
VM-21333,Mountainbike,0,Specialized,Carbon,6440,9,Sehr gut,3,13.8,,6,1780.0,133.38,-12.0,1
VM-21334,E-Bike,1,Specialized,Aluminium,7680,7,Gut,2,23.3,31034,5,1220.0,91.42,1.0,0
VM-21335,Mountainbike,0,Cube,Aluminium,1490,9,Gut,2,13.0,,8,370.0,27.72,-9.0,1
VM-21336,Mountainbike,0,Scott,Aluminium,1490,4,Sehr gut,3,11.8,,3,730.0,54.7,-13.0,1
VM-21337,Mountainbike,0,Scott,Aluminium,1780,4,Gut,2,13.2,,2,1100.0,82.42,26.0,0
VM-21338,E-Bike,1,Stromer,Aluminium,3660,3,Akzeptabel,1,27.7,5986,7,1290.0,96.66,-0.0,1
VM-21339,City,0,Villiger,Aluminium,620,10,Sehr gut,3,15.2,,9,260.0,19.48,-4.0,1
VM-21340,City,0,Tour de Suisse,Stahl,920,4,Akzeptabel,1,16.7,,1,470.0,35.22,10.0,0
VM-21341,City,0,Trek,Aluminium,590,1,Sehr gut,3,17.4,,9,440.0,32.97,-11.0,1
VM-21342,Rennrad,0,Canyon,Carbon,5140,3,Gut,2,7.4,,2,2940.0,220.3,-3.0,0
VM-21343,Mountainbike,0,Canyon,Aluminium,3270,3,Gut,2,12.2,,10,1840.0,137.87,2.0,1
VM-21344,Gravel,0,Specialized,Carbon,3150,3,Gut,2,9.7,,1,2060.0,154.36,8.0,0
VM-21345,E-Bike,1,Cube,Aluminium,3310,2,Wie neu,4,23.0,2861,10,2750.0,206.06,19.0,0
VM-21346,Gravel,0,Canyon,Aluminium,1530,7,Akzeptabel,1,9.2,,7,520.0,38.96,-2.0,1
VM-21347,Rennrad,0,Canyon,Aluminium,1620,1,Gut,2,9.2,,8,1470.0,110.15,28.0,0
VM-21348,Mountainbike,0,Specialized,Aluminium,970,2,Gut,2,15.0,,8,660.0,49.45,10.0,0
VM-21349,Mountainbike,0,Scott,Carbon,5680,0,Wie neu,4,12.7,,8,4550.0,340.93,-20.0,1
VM-21350,Rennrad,0,Scott,Aluminium,4470,5,Sehr gut,3,9.9,,8,2870.0,215.05,14.0,0
VM-21351,E-Bike,1,Flyer,Aluminium,5020,0,Sehr gut,3,22.6,4652,10,4430.0,331.94,4.0,0
VM-21352,Gravel,0,Canyon,Aluminium,1640,1,Sehr gut,3,9.5,,7,1160.0,86.92,-15.0,1
VM-21353,City,0,Trek,Stahl,510,1,Sehr gut,3,14.7,,7,550.0,41.21,29.0,0
VM-21354,Rennrad,0,Trek,Aluminium,1800,6,Sehr gut,3,8.8,,7,930.0,69.69,1.0,1
VM-21355,City,0,Tour de Suisse,Stahl,700,1,Wie neu,4,14.6,,6,650.0,48.7,-0.0,0
VM-21356,City,0,Cube,Aluminium,750,4,Akzeptabel,1,14.3,,3,380.0,28.47,9.0,0
VM-21357,City,0,Villiger,Aluminium,1050,10,Akzeptabel,1,14.2,,8,370.0,27.72,17.0,0
VM-21358,City,0,Tour de Suisse,Aluminium,810,1,Sehr gut,3,17.0,,7,670.0,50.2,-1.0,1
VM-21359,E-Bike,1,Flyer,Aluminium,4280,5,Gut,2,22.7,9051,3,1420.0,106.4,8.0,0
VM-21360,Rennrad,0,Canyon,Carbon,3110,3,Sehr gut,3,6.9,,6,2060.0,154.36,-2.0,1
VM-21361,E-Bike,1,Flyer,Aluminium,4710,1,Gut,2,23.0,1229,2,2930.0,219.55,-5.0,1
VM-21362,Mountainbike,0,Scott,Aluminium,1690,1,Gut,2,12.3,,2,1150.0,86.17,-2.0,0
VM-21363,Mountainbike,0,Canyon,Carbon,1650,5,Akzeptabel,1,12.7,,3,710.0,53.2,24.0,0
VM-21364,E-Bike,1,Trek,Aluminium,7390,2,Wie neu,4,24.0,1696,5,5700.0,427.1,9.0,0
VM-21365,E-Bike,1,Trek,Aluminium,5840,7,Sehr gut,3,27.1,9685,9,1540.0,115.39,3.0,1
VM-21366,City,0,Cube,Stahl,940,0,Gut,2,17.5,,6,760.0,56.95,4.0,0
VM-21367,Gravel,0,Cube,Aluminium,1540,3,Akzeptabel,1,9.1,,3,810.0,60.69,9.0,0
VM-21368,Mountainbike,0,Scott,Aluminium,1750,2,Gut,2,14.9,,1,1130.0,84.67,5.0,1
VM-21369,E-Bike,1,Stromer,Aluminium,7650,10,Gut,2,25.3,10244,3,1070.0,80.18,4.0,0
VM-21370,Gravel,0,Canyon,Carbon,2480,2,Gut,2,8.8,,7,1560.0,116.89,-5.0,1
VM-21371,Gravel,0,Cube,Carbon,3430,10,Akzeptabel,1,8.4,,1,880.0,65.94,-5.0,0
VM-21372,Rennrad,0,Scott,Carbon,3060,9,Gut,2,7.6,,9,1250.0,93.66,22.0,0
VM-21373,Gravel,0,Canyon,Carbon,4230,9,Gut,2,8.9,,7,1670.0,125.13,7.0,0
VM-21374,E-Bike,1,Stromer,Aluminium,3050,1,Wie neu,4,24.0,1258,4,2630.0,197.07,3.0,0
VM-21375,City,0,Trek,Aluminium,690,4,Sehr gut,3,14.8,,3,430.0,32.22,-7.0,1
VM-21376,Rennrad,0,Scott,Carbon,4450,3,Sehr gut,3,7.0,,5,2550.0,191.07,-16.0,1
VM-21377,E-Bike,1,Specialized,Aluminium,5510,7,Gut,2,26.9,36036,2,750.0,56.2,-4.0,1
VM-21378,Rennrad,0,Specialized,Carbon,3860,4,Sehr gut,3,8.0,,2,2040.0,152.86,-14.0,1
VM-21379,Rennrad,0,Canyon,Carbon,5300,7,Sehr gut,3,8.7,,9,2500.0,187.33,1.0,1
VM-21380,E-Bike,1,Trek,Aluminium,5790,6,Gut,2,21.7,3786,2,1370.0,102.65,-16.0,1
VM-21381,Rennrad,0,Canyon,Carbon,5880,7,Wie neu,4,6.4,,6,3150.0,236.03,4.0,1
VM-21382,Mountainbike,0,Canyon,Aluminium,1440,3,Gut,2,14.9,,1,760.0,56.95,-4.0,0
VM-21383,Mountainbike,0,Canyon,Aluminium,950,6,Sehr gut,3,12.5,,10,390.0,29.22,-8.0,1
VM-21384,Mountainbike,0,Canyon,Aluminium,1070,2,Akzeptabel,1,11.6,,1,490.0,36.72,-7.0,0
VM-21385,Gravel,0,Cube,Aluminium,2200,9,Sehr gut,3,9.2,,4,890.0,66.69,-5.0,1
VM-21386,E-Bike,1,Specialized,Aluminium,6030,3,Akzeptabel,1,23.8,8581,2,2130.0,159.6,3.0,0
VM-21387,E-Bike,1,Specialized,Aluminium,6330,6,Sehr gut,3,26.9,26274,6,1360.0,101.91,-8.0,1
VM-21388,E-Bike,1,Cube,Aluminium,6880,7,Akzeptabel,1,22.6,13484,7,1210.0,90.67,6.0,0
VM-21389,Mountainbike,0,Cube,Aluminium,930,4,Sehr gut,3,13.6,,5,490.0,36.72,-7.0,1
VM-21390,City,0,Trek,Aluminium,1320,0,Wie neu,4,15.9,,3,1400.0,104.9,6.0,1
VM-21391,E-Bike,1,Cube,Aluminium,4930,3,Gut,2,21.9,3640,6,2390.0,179.08,6.0,1
VM-21392,Mountainbike,0,Trek,Aluminium,1000,9,Sehr gut,3,11.6,,8,300.0,22.48,-5.0,1
VM-21393,City,0,Tour de Suisse,Aluminium,970,1,Sehr gut,3,14.2,,3,680.0,50.95,-16.0,1
VM-21394,Gravel,0,BMC,Aluminium,1520,8,Akzeptabel,1,10.5,,9,480.0,35.97,-1.0,0
VM-21395,Mountainbike,0,Specialized,Aluminium,3560,3,Sehr gut,3,12.9,,9,2230.0,167.1,-1.0,1
VM-21396,Gravel,0,Cube,Aluminium,1410,2,Wie neu,4,9.6,,6,1470.0,110.15,23.0,0
VM-21397,E-Bike,1,Stromer,Aluminium,4710,2,Gut,2,24.1,1928,5,2940.0,220.3,13.0,0
VM-21398,City,0,Villiger,Aluminium,1250,9,Sehr gut,3,15.3,,4,550.0,41.21,-6.0,1
VM-21399,Mountainbike,0,Cube,Aluminium,3350,7,Gut,2,13.5,,9,1140.0,85.42,-1.0,1
VM-21400,E-Bike,1,Specialized,Aluminium,6170,1,Gut,2,22.5,3139,7,4030.0,301.97,2.0,0
VM-21401,Mountainbike,0,Cube,Aluminium,1550,7,Akzeptabel,1,13.4,,2,470.0,35.22,11.0,0
VM-21402,Mountainbike,0,Trek,Carbon,6420,6,Gut,2,10.7,,1,2260.0,169.34,-9.0,0
VM-21403,Rennrad,0,Trek,Carbon,3360,8,Gut,2,8.2,,2,1310.0,98.16,6.0,0
VM-21404,Mountainbike,0,Specialized,Aluminium,1440,5,Sehr gut,3,12.9,,4,780.0,58.45,8.0,0
VM-21405,Mountainbike,0,Canyon,Carbon,6230,6,Sehr gut,3,13.0,,2,2370.0,177.59,-15.0,0
VM-21406,Gravel,0,BMC,Aluminium,2490,9,Wie neu,4,10.3,,1,1020.0,76.43,-13.0,1
VM-21407,Mountainbike,0,Scott,Aluminium,3000,5,Gut,2,12.2,,9,1190.0,89.17,-9.0,1
VM-21408,Mountainbike,0,Scott,Aluminium,2550,2,Sehr gut,3,13.8,,7,2020.0,151.36,11.0,0
VM-21409,Rennrad,0,Canyon,Carbon,6940,3,Gut,2,7.3,,7,4290.0,321.45,5.0,1
VM-21410,City,0,Tour de Suisse,Aluminium,1330,4,Sehr gut,3,16.7,,8,860.0,64.44,-4.0,1
VM-21411,Rennrad,0,Scott,Aluminium,2090,5,Gut,2,9.9,,5,1060.0,79.43,4.0,0
VM-21412,E-Bike,1,Specialized,Aluminium,7660,8,Gut,2,26.9,11872,3,1480.0,110.9,6.0,0
VM-21413,City,0,Tour de Suisse,Stahl,620,8,Sehr gut,3,15.2,,9,300.0,22.48,-4.0,1
VM-21414,E-Bike,1,Cube,Aluminium,3930,2,Sehr gut,3,26.5,8867,1,2250.0,168.59,-1.0,1
VM-21415,Gravel,0,Cube,Aluminium,3040,1,Gut,2,8.6,,9,2400.0,179.83,10.0,0
VM-21416,Mountainbike,0,Trek,Aluminium,3730,1,Sehr gut,3,15.4,,4,2680.0,200.81,-10.0,1
VM-21417,Rennrad,0,Scott,Aluminium,1630,7,Gut,2,9.2,,4,750.0,56.2,14.0,0
VM-21418,E-Bike,1,Stromer,Aluminium,2870,9,Sehr gut,3,26.9,3772,6,510.0,38.21,-11.0,1
VM-21419,Mountainbike,0,Scott,Carbon,6410,9,Gut,2,12.0,,4,1830.0,137.12,4.0,0
VM-21420,City,0,Tour de Suisse,Stahl,1290,5,Sehr gut,3,16.5,,10,850.0,63.69,5.0,0
VM-21421,Mountainbike,0,Specialized,Aluminium,1630,4,Akzeptabel,1,13.2,,10,650.0,48.7,3.0,0
VM-21422,Rennrad,0,BMC,Aluminium,3720,2,Gut,2,7.5,,4,2420.0,181.33,1.0,0
VM-21423,City,0,Trek,Stahl,640,3,Gut,2,14.0,,1,380.0,28.47,-5.0,0
VM-21424,Gravel,0,Specialized,Aluminium,2740,0,Sehr gut,3,10.1,,8,2240.0,167.84,-9.0,1
VM-21425,Rennrad,0,Trek,Aluminium,4520,2,Sehr gut,3,9.1,,5,3800.0,284.74,13.0,0
VM-21426,Mountainbike,0,Scott,Aluminium,1250,4,Sehr gut,3,14.6,,7,820.0,61.44,16.0,0
VM-21427,City,0,Trek,Aluminium,980,8,Wie neu,4,14.8,,10,670.0,50.2,22.0,0
VM-21428,E-Bike,1,Stromer,Aluminium,4400,6,Gut,2,26.1,14325,4,1160.0,86.92,8.0,0
VM-21429,E-Bike,1,Stromer,Aluminium,5350,3,Sehr gut,3,25.9,10892,2,2460.0,184.33,-4.0,0
VM-21430,Mountainbike,0,Specialized,Aluminium,2830,8,Sehr gut,3,12.6,,7,1070.0,80.18,7.0,1
VM-21431,Rennrad,0,Scott,Carbon,6130,5,Sehr gut,3,7.9,,8,4560.0,341.68,32.0,0
VM-21432,Gravel,0,Specialized,Carbon,1540,3,Gut,2,7.6,,3,980.0,73.43,5.0,0
VM-21433,Mountainbike,0,Canyon,Aluminium,1400,5,Wie neu,4,14.0,,4,1230.0,92.16,57.0,0
VM-21434,Gravel,0,BMC,Aluminium,1980,2,Akzeptabel,1,8.9,,7,900.0,67.44,-13.0,1
VM-21435,Rennrad,0,BMC,Aluminium,3290,0,Akzeptabel,1,9.5,,6,1750.0,131.13,-14.0,1
VM-21436,E-Bike,1,Stromer,Aluminium,4980,3,Gut,2,27.6,16183,1,2010.0,150.61,5.0,0
VM-21437,Gravel,0,BMC,Aluminium,1490,0,Gut,2,10.5,,3,980.0,73.43,-16.0,1
VM-21438,Mountainbike,0,Scott,Carbon,5910,4,Gut,2,12.0,,8,2820.0,211.3,-2.0,1
VM-21439,City,0,Cube,Aluminium,1220,9,Wie neu,4,16.4,,3,700.0,52.45,10.0,0
VM-21440,E-Bike,1,Trek,Aluminium,6460,6,Wie neu,4,26.6,4143,8,2060.0,154.36,-11.0,1
VM-21441,City,0,Tour de Suisse,Aluminium,620,7,Sehr gut,3,15.6,,8,320.0,23.98,-5.0,1
VM-21442,City,0,Cube,Aluminium,580,6,Wie neu,4,17.5,,6,330.0,24.73,-12.0,1
VM-21443,Gravel,0,BMC,Aluminium,1690,6,Gut,2,9.0,,6,900.0,67.44,13.0,0
VM-21444,Mountainbike,0,Scott,Carbon,4880,10,Wie neu,4,10.6,,8,1500.0,112.4,-1.0,1
VM-21445,Rennrad,0,BMC,Carbon,4880,2,Sehr gut,3,7.5,,3,3160.0,236.78,-13.0,1
VM-21446,Rennrad,0,Canyon,Carbon,4550,3,Sehr gut,3,7.6,,10,3620.0,271.25,17.0,0
VM-21447,Mountainbike,0,Canyon,Aluminium,1110,4,Gut,2,11.8,,6,560.0,41.96,3.0,0
VM-21448,Mountainbike,0,Canyon,Carbon,2200,3,Akzeptabel,1,11.0,,10,880.0,65.94,-8.0,1
VM-21449,City,0,Villiger,Stahl,1380,3,Gut,2,17.4,,1,910.0,68.19,5.0,0
VM-21450,Mountainbike,0,Scott,Carbon,4550,3,Akzeptabel,1,12.4,,2,1850.0,138.62,-7.0,1
VM-21451,Mountainbike,0,Canyon,Aluminium,1430,4,Wie neu,4,14.6,,9,840.0,62.94,-6.0,1
VM-21452,Rennrad,0,Scott,Carbon,2740,9,Sehr gut,3,8.8,,3,1270.0,95.16,20.0,0
VM-21453,Gravel,0,BMC,Carbon,1900,6,Wie neu,4,8.9,,4,970.0,72.68,-16.0,1
VM-21454,Gravel,0,Canyon,Aluminium,1580,2,Gut,2,10.4,,6,1150.0,86.17,10.0,0
VM-21455,Gravel,0,BMC,Carbon,3360,8,Wie neu,4,7.5,,2,1620.0,121.39,-6.0,1
VM-21456,City,0,Cube,Aluminium,970,7,Sehr gut,3,16.2,,1,510.0,38.21,-3.0,0
VM-21457,Mountainbike,0,Specialized,Carbon,5580,9,Gut,2,11.7,,2,1530.0,114.64,0.0,0
VM-21458,City,0,Cube,Aluminium,1080,4,Gut,2,15.3,,1,520.0,38.96,-17.0,1
VM-21459,City,0,Villiger,Stahl,1090,0,Sehr gut,3,15.5,,5,850.0,63.69,-13.0,1
VM-21460,E-Bike,1,Stromer,Aluminium,2900,9,Wie neu,4,23.7,4489,8,620.0,46.46,-2.0,1
VM-21461,City,0,Tour de Suisse,Stahl,590,5,Gut,2,16.5,,4,310.0,23.23,-3.0,1
VM-21462,Gravel,0,Cube,Aluminium,2090,8,Sehr gut,3,8.8,,5,1010.0,75.68,5.0,0
VM-21463,Mountainbike,0,Specialized,Aluminium,2950,6,Akzeptabel,1,14.1,,1,860.0,64.44,-5.0,0
VM-21464,Gravel,0,Canyon,Aluminium,2210,6,Gut,2,8.9,,8,1030.0,77.18,-1.0,1
VM-21465,Rennrad,0,Specialized,Aluminium,2540,2,Wie neu,4,9.3,,9,1920.0,143.87,-9.0,1
VM-21466,Mountainbike,0,Specialized,Carbon,3340,5,Gut,2,13.8,,9,1660.0,124.38,14.0,0
VM-21467,E-Bike,1,Trek,Aluminium,4580,7,Sehr gut,3,24.4,10571,9,1180.0,88.42,2.0,1
VM-21468,Rennrad,0,BMC,Carbon,2730,7,Gut,2,7.3,,1,1070.0,80.18,-3.0,0
VM-21469,E-Bike,1,Stromer,Aluminium,6490,7,Akzeptabel,1,24.7,17798,10,860.0,64.44,-15.0,1
VM-21470,Rennrad,0,Scott,Carbon,3950,1,Akzeptabel,1,8.1,,10,2570.0,192.57,15.0,0
VM-21471,Mountainbike,0,Cube,Aluminium,3020,3,Sehr gut,3,14.9,,4,2160.0,161.85,13.0,0
VM-21472,Mountainbike,0,Specialized,Carbon,5220,3,Sehr gut,3,11.8,,7,3730.0,279.49,13.0,0
VM-21473,City,0,Tour de Suisse,Stahl,770,2,Akzeptabel,1,14.7,,2,400.0,29.97,-3.0,0
VM-21474,Rennrad,0,Canyon,Aluminium,2700,2,Gut,2,7.9,,8,1670.0,125.13,-4.0,1
VM-21475,E-Bike,1,Cube,Aluminium,5990,9,Sehr gut,3,25.4,14597,4,1340.0,100.41,30.0,0
VM-21476,Rennrad,0,Canyon,Carbon,5120,8,Sehr gut,3,8.0,,5,2040.0,152.86,-6.0,0
VM-21477,Mountainbike,0,Canyon,Carbon,6320,5,Sehr gut,3,13.2,,1,3450.0,258.51,9.0,0
VM-21478,Mountainbike,0,Canyon,Aluminium,920,6,Sehr gut,3,15.0,,2,380.0,28.47,-8.0,1
VM-21479,Rennrad,0,BMC,Carbon,6160,2,Wie neu,4,8.0,,7,5190.0,388.89,2.0,1
VM-21480,Mountainbike,0,Scott,Aluminium,2480,5,Sehr gut,3,14.9,,6,1140.0,85.42,-9.0,1
VM-21481,Mountainbike,0,Canyon,Aluminium,1070,0,Akzeptabel,1,14.5,,8,700.0,52.45,6.0,0
VM-21482,Rennrad,0,Trek,Aluminium,2430,4,Sehr gut,3,8.5,,8,1660.0,124.38,11.0,0
VM-21483,Rennrad,0,Scott,Carbon,3280,2,Wie neu,4,6.4,,3,2400.0,179.83,-12.0,1
VM-21484,Rennrad,0,Scott,Carbon,4660,6,Sehr gut,3,8.7,,1,2350.0,176.09,-1.0,0
VM-21485,E-Bike,1,Specialized,Aluminium,7600,6,Gut,2,22.9,2245,4,2000.0,149.86,-8.0,1
VM-21486,City,0,Tour de Suisse,Stahl,1100,6,Sehr gut,3,16.5,,3,480.0,35.97,-25.0,1
VM-21487,Rennrad,0,Scott,Aluminium,1900,4,Sehr gut,3,9.7,,4,1170.0,87.67,-0.0,0
VM-21488,E-Bike,1,Trek,Aluminium,5360,9,Sehr gut,3,23.5,17746,4,830.0,62.19,-6.0,1
VM-21489,E-Bike,1,Trek,Aluminium,4650,8,Sehr gut,3,24.3,9210,4,810.0,60.69,-20.0,1
VM-21490,Rennrad,0,Trek,Carbon,3710,5,Gut,2,6.9,,7,1770.0,132.63,-2.0,0
VM-21491,Mountainbike,0,Cube,Aluminium,1070,5,Sehr gut,3,11.9,,5,640.0,47.96,19.0,0
VM-21492,E-Bike,1,Trek,Aluminium,2810,8,Gut,2,27.2,7412,3,580.0,43.46,7.0,0
VM-21493,E-Bike,1,Trek,Aluminium,4490,6,Gut,2,24.2,5343,10,1560.0,116.89,26.0,0
VM-21494,E-Bike,1,Specialized,Aluminium,2660,2,Sehr gut,3,24.7,9712,3,1390.0,104.15,-9.0,1
VM-21495,Gravel,0,Specialized,Aluminium,1680,2,Akzeptabel,1,9.0,,2,960.0,71.93,9.0,0
VM-21496,Rennrad,0,Scott,Carbon,5710,7,Gut,2,6.9,,4,2400.0,179.83,4.0,1
VM-21497,Gravel,0,Canyon,Carbon,2070,7,Sehr gut,3,8.8,,6,900.0,67.44,-13.0,1
VM-21498,City,0,Villiger,Stahl,530,2,Gut,2,15.5,,6,370.0,27.72,3.0,1
VM-21499,City,0,Trek,Aluminium,1190,9,Sehr gut,3,15.6,,3,540.0,40.46,-3.0,0
VM-21500,City,0,Trek,Aluminium,960,9,Wie neu,4,17.1,,10,500.0,37.47,0.0,1
